,labor_force_employment_status,how_disability_affects_ability_to_work,used_vocational_rehabilitation_agencies,used_one_stop_career_centers,used_the_ticket_to_work_program,used_assistive_technology_act_prog,used_ctr_for_indpt_living_for_ind_w_dis,used_the_client_assistance_program,used_any_other_employment_assistance_program,how_helpful_vocational_rehab_agency,how_helpful_one_stop_career_centers,the_ticket_to_work_program_helpfulness,ctr_for_indpdt_living_for_ind_w_dis_helpful,other_employment_assist_program_helpful,does_this_person_have_any_of_these_disability_conditions,barrier_lack_of_education_or_training,barrier_lack_of_job_counseling,barrier_lack_of_transportation,barrier_loss_of_government_assistance,barrier_need_for_special_features,barrier_employer_or_coworker_attitudes,barrier_your_difficulty_with_disability,barrier_other,barrier_none,demographics_race_of_respondent,demographics_sex,demographics_age,household_total_family_income_past_12_months,state,county
5,0,-1,2,2,2,2,2,2,2,-1,-1,-1,-1,-1,1,2,2,2,2,2,2,2,2,1,1,1,69,12,48,0
6,0,-1,2,2,2,2,2,2,2,-1,-1,-1,-1,-1,1,2,2,2,2,2,2,2,2,1,1,2,69,12,48,0
7,0,-1,2,2,2,2,2,2,2,-1,-1,-1,-1,-1,1,2,2,2,2,2,2,1,2,2,1,1,39,12,48,0
15,0,-1,2,2,2,2,2,2,2,-1,-1,-1,-1,-1,1,2,2,2,2,2,2,2,2,1,1,2,72,15,48,0
18,0,-1,2,2,2,2,2,2,2,-1,-1,-1,-1,-1,1,2,2,2,2,2,2,1,2,2,1,1,63,9,48,0
25,0,-1,2,2,2,2,2,2,2,-1,-1,-1,-1,-1,1,2,2,2,2,2,2,2,2,1,1,2,80,9,48,0
26,0,-1,2,2,2,2,2,2,2,-1,-1,-1,-1,-1,1,2,2,2,2,2,2,2,2,1,1,1,85,9,48,0
27,0,-1,2,2,2,2,2,2,2,-1,-1,-1,-1,-1,1,2,2,2,2,2,2,2,2,1,7,1,56,7,48,0
28,0,-1,2,2,2,2,2,2,2,-1,-1,-1,-1,-1,1,2,2,2,2,2,2,2,2,1,1,2,54,7,48,0
34,1,3,3,2,2,2,2,2,2,-1,-1,-1,-1,-1,1,-1,-1,-1,-1,-1,-1,-1,-1,-1,1,1,40,8,48,0
45,0,-1,2,2,2,2,2,2,2,-1,-1,-1,-1,-1,1,2,2,2,2,1,2,1,2,2,1,2,80,9,48,0
47,0,-1,2,2,2,2,2,2,2,-1,-1,-1,-1,-1,1,2,2,2,2,2,2,1,2,2,1,1,54,14,48,0
70,0,-1,2,2,2,2,2,2,2,-1,-1,-1,-1,-1,1,2,2,2,2,2,2,2,2,1,4,2,71,5,48,0
73,0,-1,2,2,2,2,2,2,2,-1,-1,-1,-1,-1,1,2,2,1,2,2,2,2,2,2,1,2,74,1,48,0
78,0,-1,2,2,2,2,2,2,2,-1,-1,-1,-1,-1,1,1,2,2,2,2,2,1,2,2,1,2,34,4,48,0
91,0,-1,2,2,2,2,2,2,2,-1,-1,-1,-1,-1,1,2,2,2,2,2,2,2,2,1,1,2,33,12,48,0
96,0,-1,2,2,2,2,2,2,2,-1,-1,-1,-1,-1,1,2,2,2,2,2,2,2,2,1,8,2,18,13,48,309
107,0,-1,2,2,2,2,2,2,2,-1,-1,-1,-1,-1,1,2,2,2,2,2,2,2,2,1,1,2,72,6,48,0
108,0,-1,2,2,2,2,2,2,2,-1,-1,-1,-1,-1,1,2,2,2,2,2,2,1,2,2,1,2,58,6,48,0
109,0,-1,2,2,2,2,2,2,2,-1,-1,-1,-1,-1,1,2,2,2,2,2,2,1,2,2,1,1,30,6,48,0
111,0,-1,2,3,3,3,1,3,2,-1,-1,-1,1,-1,1,2,2,2,2,2,2,1,2,2,1,2,61,5,48,0
112,0,-1,2,2,2,2,2,2,2,-1,-1,-1,-1,-1,1,2,2,2,2,2,2,1,2,2,1,2,56,5,48,0
115,0,-1,2,2,2,2,2,2,2,-1,-1,-1,-1,-1,1,2,2,2,2,2,2,2,2,1,1,1,72,8,48,0
118,0,-1,2,2,2,2,2,2,2,-1,-1,-1,-1,-1,1,2,2,2,2,2,2,2,2,1,1,2,85,14,48,439
119,0,-1,2,2,2,2,2,2,2,-1,-1,-1,-1,-1,1,2,2,2,2,2,2,2,2,1,1,2,76,11,48,439
123,0,-1,2,2,2,2,2,2,2,-1,-1,-1,-1,-1,1,2,2,2,2,2,2,1,2,2,1,2,41,9,48,439
124,0,-1,2,2,2,2,2,2,2,-1,-1,-1,-1,-1,1,2,2,2,2,1,1,1,2,2,1,2,58,11,48,0
132,0,-1,2,2,2,2,2,2,2,-1,-1,-1,-1,-1,1,2,2,2,2,2,2,2,2,1,1,1,67,9,48,0
133,0,-1,2,2,2,2,2,2,2,-1,-1,-1,-1,-1,1,2,2,2,2,2,2,2,2,1,1,2,67,9,48,0
149,0,-1,2,2,2,2,2,2,2,-1,-1,-1,-1,-1,1,2,2,2,2,2,2,2,2,1,1,1,70,6,48,0
151,0,-1,2,3,2,3,2,2,2,-1,-1,-1,-1,-1,1,2,2,2,2,2,2,1,2,2,1,1,71,10,48,0
160,0,-1,2,2,2,-2,-2,-2,-2,-1,-1,-1,-1,-1,1,-2,-1,-1,-1,-1,-1,-1,-1,-1,1,1,63,11,48,0
177,1,1,2,2,2,2,2,2,2,-1,-1,-1,-1,-1,1,-1,-1,-1,-1,-1,-1,-1,-1,-1,1,2,65,13,48,0
187,0,-1,2,2,2,2,2,2,2,-1,-1,-1,-1,-1,1,2,2,2,2,2,2,2,2,1,1,2,79,11,48,0
188,0,-1,2,2,2,2,2,-3,-3,-1,-1,-1,-1,-1,1,2,2,2,2,2,2,2,2,1,1,1,85,4,48,0
189,0,-1,-3,-3,-3,-3,-3,-3,-3,-1,-1,-1,-1,-1,1,-3,-1,-1,-1,-1,-1,-1,-1,-1,1,2,85,4,48,0
192,1,1,2,2,2,2,2,2,2,-1,-1,-1,-1,-1,1,-1,-1,-1,-1,-1,-1,-1,-1,-1,1,1,53,12,48,0
194,0,-1,2,2,2,2,2,2,2,-1,-1,-1,-1,-1,1,2,2,2,2,2,2,1,1,2,1,1,23,12,48,0
196,0,-1,-1,-1,-1,-1,-1,-1,-1,-1,-1,-1,-1,-1,1,-1,-1,-1,-1,-1,-1,-1,-1,-1,1,2,85,4,48,0
198,0,-1,2,2,2,2,2,2,2,-1,-1,-1,-1,-1,1,2,2,2,2,2,2,2,2,1,1,2,56,12,48,41
209,0,-1,2,2,2,2,2,2,2,-1,-1,-1,-1,-1,1,1,2,2,2,2,2,1,2,2,4,1,76,12,48,0
233,0,-1,2,2,2,2,2,2,2,-1,-1,-1,-1,-1,1,2,2,2,2,2,2,1,2,2,1,1,64,11,48,0
244,0,-1,-1,-1,-1,-1,-1,-1,-1,-1,-1,-1,-1,-1,1,-1,-1,-1,-1,-1,-1,-1,-1,-1,1,1,80,14,48,0
247,0,-1,2,2,2,2,2,2,2,-1,-1,-1,-1,-1,1,2,2,2,2,2,2,2,2,1,1,1,80,14,48,0
255,0,-1,2,2,2,2,2,2,2,-1,-1,-1,-1,-1,1,2,2,2,2,2,2,1,2,2,1,1,49,3,48,0
261,0,-1,3,3,3,3,2,3,2,-1,-1,-1,-1,-1,1,2,2,2,2,2,2,1,2,2,1,2,71,6,48,0
274,0,-1,-1,-1,-1,-1,-1,-1,-1,-1,-1,-1,-1,-1,1,-1,-1,-1,-1,-1,-1,-1,-1,-1,2,1,46,4,48,0
299,1,3,2,2,2,2,2,2,2,-1,-1,-1,-1,-1,1,-1,-1,-1,-1,-1,-1,-1,-1,-1,4,1,45,10,48,0
305,0,-1,2,2,2,2,2,2,2,-1,-1,-1,-1,-1,1,2,2,2,2,2,2,2,2,1,1,1,72,15,48,0
333,1,1,2,2,2,2,2,2,2,-1,-1,-1,-1,-1,1,-1,-1,-1,-1,-1,-1,-1,-1,-1,1,1,50,16,48,139
334,0,-1,2,2,2,2,2,2,2,-1,-1,-1,-1,-1,1,2,2,2,2,2,2,1,2,2,1,2,49,3,48,0
336,0,-1,-1,-1,-1,-1,-1,-1,-1,-1,-1,-1,-1,-1,1,-1,-1,-1,-1,-1,-1,-1,-1,-1,1,2,75,6,48,0
337,0,-1,2,3,2,2,2,2,2,-1,-1,-1,-1,-1,1,2,2,2,2,2,2,2,1,2,1,2,80,5,48,0
338,0,-1,2,3,3,3,2,2,2,-1,-1,-1,-1,-1,1,2,2,2,2,2,2,1,2,2,1,1,80,5,48,0
354,1,1,2,1,2,2,2,2,2,-1,4,-1,-1,-1,1,-1,-1,-1,-1,-1,-1,-1,-1,-1,1,2,57,6,48,0
365,0,-1,3,2,2,2,2,2,2,-1,-1,-1,-1,-1,1,2,2,2,2,2,2,2,2,1,1,2,77,10,48,0
366,0,-1,2,2,2,2,2,2,2,-1,-1,-1,-1,-1,1,2,2,2,2,2,2,2,2,1,1,2,85,7,48,0
369,0,-1,-9,-9,-9,-9,-9,-9,-9,-1,-1,-1,-1,-1,1,2,2,2,2,2,2,2,1,2,1,2,43,3,48,0
374,0,-1,2,2,2,2,2,2,2,-1,-1,-1,-1,-1,1,2,2,2,2,2,2,1,2,2,4,1,23,14,48,0
382,0,-1,2,2,2,2,2,2,2,-1,-1,-1,-1,-1,1,2,2,2,2,2,2,2,2,1,2,1,75,12,48,0
386,0,-1,2,2,2,2,2,2,2,-1,-1,-1,-1,-1,1,2,2,2,2,2,2,1,2,2,1,2,85,5,48,0
387,0,-1,2,2,2,2,2,2,2,-1,-1,-1,-1,-1,1,2,2,2,2,2,2,1,2,2,1,2,85,5,48,0
388,0,-1,2,2,2,2,2,2,2,-1,-1,-1,-1,-1,1,2,2,2,2,2,2,1,2,2,1,2,79,9,48,0
416,0,-1,2,2,2,2,2,2,2,-1,-1,-1,-1,-1,1,2,2,2,2,2,2,2,2,1,1,1,69,14,48,0
421,0,-1,-1,-1,-1,-1,-1,-1,-1,-1,-1,-1,-1,-1,1,-1,-1,-1,-1,-1,-1,-1,-1,-1,1,2,64,16,48,0
422,1,3,2,2,2,2,2,2,2,-1,-1,-1,-1,-1,1,-1,-1,-1,-1,-1,-1,-1,-1,-1,1,1,48,14,48,0
438,0,-1,-1,-1,-1,-1,-1,-1,-1,-1,-1,-1,-1,-1,1,-1,-1,-1,-1,-1,-1,-1,-1,-1,1,2,53,9,48,0
441,0,-1,2,2,2,2,2,2,2,-1,-1,-1,-1,-1,1,2,2,2,2,2,2,1,2,2,1,2,54,11,48,0
448,0,-1,2,2,2,2,2,2,2,-1,-1,-1,-1,-1,1,2,2,2,2,2,2,2,2,1,1,1,85,12,48,0
453,0,-1,2,2,2,2,2,2,2,-1,-1,-1,-1,-1,1,2,2,2,2,2,2,2,2,1,1,2,80,14,48,0
479,0,-1,2,2,2,2,3,3,2,-1,-1,-1,-1,-1,1,2,2,2,2,2,2,1,2,2,1,1,57,5,48,0
482,1,3,2,2,2,2,2,2,2,-1,-1,-1,-1,-1,1,-1,-1,-1,-1,-1,-1,-1,-1,-1,1,1,61,16,48,0
503,0,-1,2,2,3,3,3,3,2,-1,-1,-1,-1,-1,1,2,2,2,2,2,2,1,2,2,2,1,58,7,48,0
513,1,1,2,2,2,2,2,2,2,-1,-1,-1,-1,-1,1,-1,-1,-1,-1,-1,-1,-1,-1,-1,1,2,72,8,48,0
516,0,-1,2,2,2,2,2,2,2,-1,-1,-1,-1,-1,1,2,2,2,2,2,2,1,2,2,1,2,65,8,48,0
520,0,-1,2,2,2,2,2,2,2,-1,-1,-1,-1,-1,1,2,2,2,2,2,2,2,2,1,1,1,75,9,48,0
521,0,-1,2,2,2,2,2,2,2,-1,-1,-1,-1,-1,1,2,2,2,2,2,2,2,2,1,7,2,73,9,48,0
522,0,-1,2,2,2,2,2,2,2,-1,-1,-1,-1,-1,1,2,2,2,2,2,2,2,2,1,1,1,68,13,48,0
524,0,-1,2,2,2,2,2,2,2,-1,-1,-1,-1,-1,1,2,2,2,2,2,2,2,2,1,1,2,80,8,48,0
525,0,-1,2,2,2,2,2,2,2,-1,-1,-1,-1,-1,1,2,2,2,2,2,2,2,2,1,1,1,63,8,48,0
533,0,-1,2,2,2,2,2,2,2,-1,-1,-1,-1,-1,1,2,2,2,2,2,2,2,2,1,1,2,76,6,48,215
536,0,-1,2,2,2,2,2,2,2,-1,-1,-1,-1,-1,1,2,2,2,2,2,2,2,2,1,1,2,55,5,48,215
542,0,-1,2,2,2,2,2,2,2,-1,-1,-1,-1,-1,1,2,2,2,2,2,2,2,2,1,1,2,85,7,48,215
553,0,-1,2,2,2,2,2,2,2,-1,-1,-1,-1,-1,1,2,2,2,2,2,2,1,2,2,1,2,80,14,48,215
555,0,-1,3,3,3,3,3,3,2,-1,-1,-1,-1,-1,1,2,2,2,2,2,2,2,2,1,1,2,71,10,48,215
556,0,-1,3,3,3,3,3,3,2,-1,-1,-1,-1,-1,1,2,2,2,2,2,2,1,2,2,1,2,39,10,48,215
557,0,-1,3,3,3,3,3,3,2,-1,-1,-1,-1,-1,1,2,2,2,2,2,2,1,2,2,1,2,73,10,48,215
559,0,-1,3,3,3,3,3,3,2,-1,-1,-1,-1,-1,1,2,2,2,2,2,2,1,2,2,1,1,59,6,48,215
565,1,2,2,2,2,2,2,2,2,-1,-1,-1,-1,-1,1,-1,-1,-1,-1,-1,-1,-1,-1,-1,1,1,57,16,48,215
568,0,-1,2,2,2,2,2,2,2,-1,-1,-1,-1,-1,1,2,2,2,2,2,2,2,2,1,1,2,85,8,48,0
573,0,-1,2,2,2,2,2,2,2,-1,-1,-1,-1,-1,1,2,2,2,2,2,2,2,2,1,1,1,85,15,48,0
580,0,-1,2,2,3,2,2,2,2,-1,-1,-1,-1,-1,1,2,2,2,2,2,2,1,2,2,1,2,74,3,48,0
583,0,-1,3,3,3,3,3,3,2,-1,-1,-1,-1,-1,1,2,2,2,2,2,2,2,2,1,1,2,80,12,48,0
584,0,-1,2,2,2,2,2,2,2,-1,-1,-1,-1,-1,1,2,2,2,2,2,2,2,2,1,1,1,85,12,48,0
593,0,-1,3,3,2,3,2,2,2,-1,-1,-1,-1,-1,1,2,2,2,1,1,1,1,2,2,1,2,32,5,48,0
594,0,-1,2,2,2,2,2,2,2,-1,-1,-1,-1,-1,1,2,2,2,2,2,2,2,2,1,1,2,57,12,48,309
596,0,-1,-9,-9,-9,-9,-9,-9,-9,-1,-1,-1,-1,-1,1,-9,-1,-1,-1,-1,-1,-1,-1,-1,1,1,67,7,48,309
597,0,-1,-1,-1,-1,-1,-1,-1,-1,-1,-1,-1,-1,-1,1,-1,-1,-1,-1,-1,-1,-1,-1,-1,1,2,68,7,48,309
616,0,-1,2,2,2,2,2,2,2,-1,-1,-1,-1,-1,1,2,2,2,2,2,2,2,2,1,1,2,71,13,48,0
621,0,-1,2,2,2,2,2,2,2,-1,-1,-1,-1,-1,1,1,1,1,1,2,2,1,2,2,1,1,75,3,48,0
626,0,-1,-1,-1,-1,-1,-1,-1,-1,-1,-1,-1,-1,-1,1,-1,-1,-1,-1,-1,-1,-1,-1,-1,1,2,78,14,48,0
644,0,-1,2,2,2,2,2,2,2,-1,-1,-1,-1,-1,1,2,2,2,2,2,2,2,2,1,1,2,55,11,48,423
652,0,-1,2,2,2,2,2,2,2,-1,-1,-1,-1,-1,1,2,2,2,2,2,2,2,2,1,1,1,78,9,48,423
663,0,-1,2,2,1,2,2,2,2,-1,-1,3,-1,-1,1,2,2,2,2,2,2,1,2,2,1,2,56,14,48,0
666,0,-1,2,2,2,2,2,2,2,-1,-1,-1,-1,-1,1,2,2,2,2,2,2,2,2,1,1,2,75,15,48,439
676,0,-1,2,2,2,2,2,2,2,-1,-1,-1,-1,-1,1,2,2,2,2,2,2,2,2,1,1,2,73,6,48,0
689,0,-1,2,2,2,2,2,2,2,-1,-1,-1,-1,-1,1,2,2,2,2,2,2,2,2,1,1,1,68,7,48,439
691,0,-1,2,2,2,2,2,2,2,-1,-1,-1,-1,-1,1,2,2,2,2,2,2,2,2,1,2,2,54,1,48,0
696,0,-1,3,3,3,3,3,3,2,-1,-1,-1,-1,-1,1,2,2,2,2,2,2,1,2,2,2,2,52,7,48,0
703,0,-1,2,3,3,3,3,3,2,-1,-1,-1,-1,-1,1,2,2,2,2,2,2,2,2,1,1,1,85,9,48,439
709,1,1,2,2,2,2,2,2,2,-1,-1,-1,-1,-1,1,-1,-1,-1,-1,-1,-1,-1,-1,-1,1,1,70,15,48,0
711,0,-1,2,2,2,2,2,2,2,-1,-1,-1,-1,-1,1,2,2,2,2,2,2,2,2,1,1,2,72,10,48,0
724,0,-1,2,2,2,2,2,2,2,-1,-1,-1,-1,-1,1,2,2,2,2,2,2,2,2,1,1,2,77,13,48,0
729,0,-1,-1,-1,-1,-1,-1,-1,-1,-1,-1,-1,-1,-1,1,-1,-1,-1,-1,-1,-1,-1,-1,-1,1,1,71,12,48,0
746,0,-1,2,2,2,2,2,2,2,-1,-1,-1,-1,-1,1,2,2,2,2,2,2,2,2,1,1,2,85,9,48,0
758,0,-1,2,2,2,2,2,2,2,-1,-1,-1,-1,-1,1,2,2,2,2,2,2,2,2,1,1,1,80,14,48,0
759,1,2,1,1,3,3,2,2,2,4,2,-1,-1,-1,1,-1,-1,-1,-1,-1,-1,-1,-1,-1,1,1,23,6,48,0
772,0,-1,2,2,2,2,2,2,2,-1,-1,-1,-1,-1,1,2,2,2,2,2,2,1,2,2,1,2,52,10,48,0
822,0,-1,2,2,2,2,2,2,2,-1,-1,-1,-1,-1,1,2,2,2,2,2,2,2,2,1,2,2,58,2,48,0
846,0,-1,2,2,2,2,2,2,2,-1,-1,-1,-1,-1,1,2,2,1,1,2,2,1,2,2,1,1,52,3,48,0
873,0,-1,2,2,2,2,2,2,2,-1,-1,-1,-1,-1,1,1,1,1,1,1,2,1,2,2,1,2,41,7,48,0
885,0,-1,-9,-9,-9,-9,-9,-9,-9,-1,-1,-1,-1,-1,1,-9,-1,-1,-1,-1,-1,-1,-1,-1,2,2,39,7,48,0
907,0,-1,2,2,2,2,2,2,2,-1,-1,-1,-1,-1,1,2,2,2,2,2,2,2,2,1,1,1,76,16,48,0
910,0,-1,2,2,2,2,2,2,2,-1,-1,-1,-1,-1,1,2,2,2,2,2,2,2,2,1,1,2,85,10,48,0
914,0,-1,2,2,2,2,2,2,2,-1,-1,-1,-1,-1,1,2,2,2,2,2,2,2,2,1,1,2,68,9,48,439
924,0,-1,-1,-1,-1,-1,-1,-1,-1,-1,-1,-1,-1,-1,1,-1,-1,-1,-1,-1,-1,-1,-1,-1,1,2,75,13,48,0
927,0,-1,-1,-1,-1,-1,-1,-1,-1,-1,-1,-1,-1,-1,1,-1,-1,-1,-1,-1,-1,-1,-1,-1,1,2,67,13,48,0
932,1,2,2,2,2,2,2,2,2,-1,-1,-1,-1,-1,1,-1,-1,-1,-1,-1,-1,-1,-1,-1,1,2,67,13,48,485
954,0,-1,2,2,2,2,2,2,2,-1,-1,-1,-1,-1,1,2,2,2,2,2,2,1,2,2,1,1,24,9,48,0
956,0,-1,2,2,2,2,2,2,2,-1,-1,-1,-1,-1,1,2,2,2,2,2,2,2,2,1,2,1,44,12,48,0
958,0,-1,2,2,2,2,2,2,2,-1,-1,-1,-1,-1,1,2,2,2,2,2,2,2,2,1,1,1,79,15,48,0
960,0,-1,2,2,2,2,2,2,2,-1,-1,-1,-1,-1,1,2,2,2,2,2,2,1,1,2,2,2,16,11,48,0
961,0,-1,2,2,2,2,2,2,2,-1,-1,-1,-1,-1,1,2,2,2,2,2,1,1,2,2,1,1,76,12,48,0
962,1,1,2,2,2,2,2,2,2,-1,-1,-1,-1,-1,1,-1,-1,-1,-1,-1,-1,-1,-1,-1,1,2,74,12,48,0
963,0,-1,2,2,2,2,2,2,2,-1,-1,-1,-1,-1,1,2,2,2,2,2,2,2,2,1,1,2,85,12,48,0
975,1,1,2,3,3,3,2,3,2,-1,-1,-1,-1,-1,1,-1,-1,-1,-1,-1,-1,-1,-1,-1,1,2,80,8,48,0
976,0,-1,3,3,3,3,3,3,2,-1,-1,-1,-1,-1,1,2,2,2,2,2,2,2,2,1,1,1,80,8,48,0
986,0,-1,-1,-1,-1,-1,-1,-1,-1,-1,-1,-1,-1,-1,1,-1,-1,-1,-1,-1,-1,-1,-1,-1,2,2,48,2,48,0
987,0,-1,3,3,3,3,2,3,2,-1,-1,-1,-1,-1,1,1,2,2,2,2,2,1,2,2,1,2,62,3,48,0
994,0,-1,2,2,2,2,2,2,2,-1,-1,-1,-1,-1,1,2,2,2,2,2,2,2,2,1,1,2,85,13,48,0
997,0,-1,3,3,3,3,3,3,1,-1,-1,-1,-1,4,1,2,2,2,2,2,2,2,2,1,1,1,33,7,48,0
1013,0,-1,3,3,3,3,3,3,2,-1,-1,-1,-1,-1,1,2,2,2,2,2,1,2,2,2,1,2,73,1,48,0
1015,0,-1,3,2,2,2,2,2,2,-1,-1,-1,-1,-1,1,2,2,2,2,2,2,2,2,1,1,2,80,5,48,0
1016,1,-1,-1,-1,-1,-1,-1,-1,-1,-1,-1,-1,-1,-1,1,-1,-1,-1,-1,-1,-1,-1,-1,-1,1,2,54,5,48,0
1017,0,-1,3,3,3,3,3,3,2,-1,-1,-1,-1,-1,1,1,2,1,2,2,1,1,1,2,1,2,51,12,48,0
1029,0,-1,3,3,3,3,3,3,2,-1,-1,-1,-1,-1,1,1,2,2,2,2,2,2,2,2,1,2,50,11,48,0
1035,0,-1,2,2,2,2,2,2,2,-1,-1,-1,-1,-1,1,2,2,2,2,2,2,2,2,1,1,2,85,9,48,0
1056,0,-1,2,2,2,2,2,2,2,-1,-1,-1,-1,-1,1,2,2,2,2,2,2,2,2,1,1,2,85,5,48,0
1067,0,-1,2,2,2,2,2,2,2,-1,-1,-1,-1,-1,1,2,2,2,2,2,2,2,2,1,1,1,80,10,48,0
1088,0,-1,-1,-1,-1,-1,-1,-1,-1,-1,-1,-1,-1,-1,1,-1,-1,-1,-1,-1,-1,-1,-1,-1,1,1,15,12,48,41
1098,0,-1,2,2,3,3,3,3,2,-1,-1,-1,-1,-1,1,2,2,2,2,2,2,2,2,1,1,2,66,12,48,0
1102,1,1,3,3,3,3,3,3,2,-1,-1,-1,-1,-1,1,-1,-1,-1,-1,-1,-1,-1,-1,-1,1,2,49,12,48,0
1104,0,-1,2,2,2,2,2,2,2,-1,-1,-1,-1,-1,1,2,2,2,2,2,2,2,2,1,1,1,85,14,48,61
1107,1,1,3,3,3,3,3,3,2,-1,-1,-1,-1,-1,1,-1,-1,-1,-1,-1,-1,-1,-1,-1,1,1,64,12,48,61
1108,0,-1,2,2,3,2,2,2,2,-1,-1,-1,-1,-1,1,2,2,2,2,2,2,1,2,2,1,2,69,11,48,61
1109,0,-1,3,3,3,3,3,3,2,-1,-1,-1,-1,-1,1,2,2,2,2,2,2,1,2,2,1,1,44,11,48,61
1121,0,-1,2,2,2,2,2,2,2,-1,-1,-1,-1,-1,1,2,2,2,2,2,2,2,2,1,1,2,85,13,48,0
1142,0,-1,2,2,2,2,2,2,2,-1,-1,-1,-1,-1,1,2,2,2,2,2,2,2,2,1,1,1,80,9,48,0
1143,0,-1,2,2,2,2,2,2,2,-1,-1,-1,-1,-1,1,2,2,2,2,2,2,2,2,1,1,2,74,9,48,0
1162,0,-1,2,2,2,2,2,2,2,-1,-1,-1,-1,-1,1,2,2,2,2,2,2,1,2,2,1,1,19,16,48,0
1171,0,-1,-1,-1,-1,-1,-1,-1,-1,-1,-1,-1,-1,-1,1,-1,-1,-1,-1,-1,-1,-1,-1,-1,1,2,73,14,48,0
1184,0,-1,-1,-1,-1,-1,-1,-1,-1,-1,-1,-1,-1,-1,1,-1,-1,-1,-1,-1,-1,-1,-1,-1,1,2,69,13,48,0
1185,0,-1,-1,-1,-1,-1,-1,-1,-1,-1,-1,-1,-1,-1,1,-1,-1,-1,-1,-1,-1,-1,-1,-1,1,2,60,11,48,0
1198,1,-1,-1,-1,-1,-1,-1,-1,-1,-1,-1,-1,-1,-1,1,-1,-1,-1,-1,-1,-1,-1,-1,-1,1,2,25,11,48,0
1214,0,-1,-1,-1,-1,-1,-1,-1,-1,-1,-1,-1,-1,-1,1,-1,-1,-1,-1,-1,-1,-1,-1,-1,1,1,80,6,48,0
1228,0,-1,2,2,2,2,2,2,2,-1,-1,-1,-1,-1,1,2,2,2,2,2,2,2,2,1,2,1,63,4,48,0
1230,0,-1,2,2,2,2,2,2,2,-1,-1,-1,-1,-1,1,2,2,2,2,2,2,2,2,1,1,1,72,7,48,0
1231,0,-1,2,2,2,2,2,2,2,-1,-1,-1,-1,-1,1,2,2,2,2,2,2,2,1,2,2,2,65,7,48,0
1235,0,-1,-9,-9,-9,-9,-9,-9,-9,-1,-1,-1,-1,-1,1,-9,-1,-1,-1,-1,-1,-1,-1,-1,1,2,54,6,48,0
1248,1,1,2,2,2,2,2,2,2,-1,-1,-1,-1,-1,1,-1,-1,-1,-1,-1,-1,-1,-1,-1,1,1,65,15,48,0
1249,1,3,2,2,2,2,2,2,2,-1,-1,-1,-1,-1,1,-1,-1,-1,-1,-1,-1,-1,-1,-1,1,2,66,15,48,0
1253,0,-1,2,2,2,2,2,2,2,-1,-1,-1,-1,-1,1,2,2,2,2,2,2,2,2,1,3,1,72,14,48,0
1271,0,-1,-1,-1,-1,-1,-1,-1,-1,-1,-1,-1,-1,-1,1,-1,-1,-1,-1,-1,-1,-1,-1,-1,1,1,80,6,48,135
1276,0,-1,-1,-1,-1,-1,-1,-1,-1,-1,-1,-1,-1,-1,1,-1,-1,-1,-1,-1,-1,-1,-1,-1,2,1,67,14,48,139
1286,1,1,2,2,2,2,2,2,2,-1,-1,-1,-1,-1,1,-1,-1,-1,-1,-1,-1,-1,-1,-1,1,1,47,11,48,0
1291,0,-1,2,3,3,3,3,3,2,-1,-1,-1,-1,-1,1,2,2,2,2,2,2,1,2,2,1,1,46,5,48,0
1301,0,-1,3,3,3,3,3,3,2,-1,-1,-1,-1,-1,1,2,2,2,2,2,2,1,2,2,1,2,67,3,48,0
1303,0,-1,2,2,2,2,3,3,2,-1,-1,-1,-1,-1,1,2,2,2,2,2,2,2,1,2,1,2,80,8,48,0
1311,1,-1,-1,-1,-1,-1,-1,-1,-1,-1,-1,-1,-1,-1,1,-1,-1,-1,-1,-1,-1,-1,-1,-1,1,1,29,7,48,0
1314,1,4,2,2,2,2,2,2,2,-1,-1,-1,-1,-1,1,-1,-1,-1,-1,-1,-1,-1,-1,-1,1,1,64,14,48,0
1342,0,-1,-9,-9,-9,-9,-9,-9,-9,-1,-1,-1,-1,-1,1,-9,-1,-1,-1,-1,-1,-1,-1,-1,1,2,80,5,48,0
1344,0,-1,2,2,2,2,2,2,2,-1,-1,-1,-1,-1,1,2,2,2,2,2,2,2,2,1,1,1,80,14,48,0
1349,0,-1,2,2,2,2,2,2,2,-1,-1,-1,-1,-1,1,2,2,2,2,2,2,1,2,2,1,2,60,13,48,0
1364,0,-1,3,3,3,3,3,3,2,-1,-1,-1,-1,-1,1,2,2,2,2,2,2,2,2,1,1,1,71,11,48,181
1365,0,-1,2,2,2,2,2,2,2,-1,-1,-1,-1,-1,1,2,2,2,2,2,2,2,1,2,2,2,50,4,48,0
1367,0,-1,-1,-1,-1,-1,-1,-1,-1,-1,-1,-1,-1,-1,1,-1,-1,-1,-1,-1,-1,-1,-1,-1,4,1,70,9,48,0
1369,0,-1,2,2,2,2,2,2,2,-1,-1,-1,-1,-1,1,2,2,2,2,2,2,2,2,1,1,1,68,9,48,0
1378,0,-1,-9,-9,-9,-9,-9,-9,-9,-1,-1,-1,-1,-1,1,2,2,2,2,2,2,2,1,2,1,1,43,11,48,0
1386,0,-1,3,3,3,3,3,3,2,-1,-1,-1,-1,-1,1,2,2,2,2,2,2,2,2,1,1,1,85,13,48,0
1424,0,-1,-1,-1,-1,-1,-1,-1,-1,-1,-1,-1,-1,-1,1,-1,-1,-1,-1,-1,-1,-1,-1,-1,2,2,28,2,48,0
1434,1,4,2,2,2,2,2,2,2,-1,-1,-1,-1,-1,1,-1,-1,-1,-1,-1,-1,-1,-1,-1,1,2,48,15,48,0
1438,1,1,2,2,2,2,2,2,2,-1,-1,-1,-1,-1,1,-1,-1,-1,-1,-1,-1,-1,-1,-1,1,2,40,6,48,0
1465,0,-1,3,3,3,3,3,3,2,-1,-1,-1,-1,-1,1,2,2,2,2,2,2,2,2,1,1,2,80,12,48,0
1466,0,-1,3,3,3,3,3,3,2,-1,-1,-1,-1,-1,1,2,2,2,2,2,2,2,2,1,1,1,80,12,48,0
1478,0,-1,2,2,2,2,2,2,2,-1,-1,-1,-1,-1,1,2,2,2,2,2,2,1,2,2,2,2,74,14,48,0
1480,0,-1,2,2,2,2,2,2,2,-1,-1,-1,-1,-1,1,2,2,2,2,2,2,2,2,1,2,2,69,6,48,0
1499,0,-1,2,2,2,2,2,2,2,-1,-1,-1,-1,-1,1,2,2,2,2,2,2,1,2,2,1,1,59,8,48,215
1514,0,-1,2,2,2,2,2,2,2,-1,-1,-1,-1,-1,1,2,2,2,2,2,2,2,2,1,1,2,85,11,48,215
1517,0,-1,3,3,3,3,3,3,2,-1,-1,-1,-1,-1,1,2,2,2,2,2,2,1,2,2,1,1,62,12,48,0
1528,0,-1,-1,-1,-1,-1,-1,-1,-1,-1,-1,-1,-1,-1,1,-1,-1,-1,-1,-1,-1,-1,-1,-1,1,1,69,6,48,0
1529,0,-1,-1,-1,-1,-1,-1,-1,-1,-1,-1,-1,-1,-1,1,-1,-1,-1,-1,-1,-1,-1,-1,-1,1,1,68,6,48,0
1530,0,-1,-1,-1,-1,-1,-1,-1,-1,-1,-1,-1,-1,-1,1,-1,-1,-1,-1,-1,-1,-1,-1,-1,1,2,61,6,48,0
1531,0,-1,2,2,2,2,2,2,2,-1,-1,-1,-1,-1,1,2,2,2,2,2,2,2,2,1,1,2,80,7,48,0
1532,0,-1,2,2,2,2,2,2,2,-1,-1,-1,-1,-1,1,2,2,2,2,2,2,2,2,1,1,1,85,7,48,0
1533,0,-1,-1,-1,-1,-1,-1,-1,-1,-1,-1,-1,-1,-1,1,-1,-1,-1,-1,-1,-1,-1,-1,-1,1,2,62,3,48,0
1538,0,-1,2,2,2,2,2,2,2,-1,-1,-1,-1,-1,1,2,2,2,2,2,2,2,1,2,1,2,52,14,48,0
1541,0,-1,2,2,2,2,2,2,2,-1,-1,-1,-1,-1,1,2,2,2,2,1,2,1,2,2,2,1,29,2,48,0
1544,0,-1,-2,-2,-2,-2,-2,-2,-2,-1,-1,-1,-1,-1,1,2,2,2,2,2,2,2,2,1,1,1,73,10,48,0
1545,0,-1,2,2,2,2,2,2,2,-1,-1,-1,-1,-1,1,2,2,2,2,2,2,2,2,1,1,2,72,10,48,0
1551,0,-1,2,2,2,2,2,2,2,-1,-1,-1,-1,-1,1,2,2,2,2,2,2,1,2,2,1,2,80,7,48,0
1562,0,-1,-1,-1,-1,-1,-1,-1,-1,-1,-1,-1,-1,-1,1,-1,-1,-1,-1,-1,-1,-1,-1,-1,1,1,69,5,48,0
1563,0,-1,-1,-1,-1,-1,-1,-1,-1,-1,-1,-1,-1,-1,1,-1,-1,-1,-1,-1,-1,-1,-1,-1,1,2,63,5,48,0
1564,0,-1,-1,-1,-1,-1,-1,-1,-1,-1,-1,-1,-1,-1,1,-1,-1,-1,-1,-1,-1,-1,-1,-1,1,1,42,5,48,0
1565,1,-1,-1,-1,-1,-1,-1,-1,-1,-1,-1,-1,-1,-1,1,-1,-1,-1,-1,-1,-1,-1,-1,-1,2,2,56,7,48,0
1566,0,-1,2,2,2,2,2,2,2,-1,-1,-1,-1,-1,1,2,2,2,2,2,2,2,2,1,1,2,65,9,48,0
1601,0,-1,2,2,2,2,2,2,2,-1,-1,-1,-1,-1,1,2,2,2,2,2,2,1,2,2,2,1,36,16,48,0
1607,1,2,1,2,2,2,2,2,2,4,-1,-1,-1,-1,1,-1,-1,-1,-1,-1,-1,-1,-1,-1,1,1,61,9,48,0
1614,0,-1,2,2,2,2,2,2,2,-1,-1,-1,-1,-1,1,2,2,2,2,2,2,2,2,1,1,1,76,15,48,0
1624,1,1,2,2,2,2,2,2,2,-1,-1,-1,-1,-1,1,-1,-1,-1,-1,-1,-1,-1,-1,-1,1,2,32,12,48,439
1626,1,3,2,2,2,2,2,2,2,-1,-1,-1,-1,-1,1,-1,-1,-1,-1,-1,-1,-1,-1,-1,1,1,59,8,48,439
1627,0,-1,2,2,2,2,2,2,2,-1,-1,-1,-1,-1,1,2,2,2,2,2,2,1,2,2,1,2,57,8,48,439
1647,0,-1,2,2,2,2,2,2,2,-1,-1,-1,-1,-1,1,2,2,2,2,2,2,2,2,1,1,1,71,14,48,0
1675,0,-1,2,2,2,2,2,2,2,-1,-1,-1,-1,-1,1,2,2,2,2,2,2,1,2,2,1,2,78,12,48,0
1683,0,-1,2,2,2,2,2,2,2,-1,-1,-1,-1,-1,1,2,2,2,2,2,2,2,2,1,2,1,28,12,48,439
1689,0,-1,2,2,2,2,2,2,2,-1,-1,-1,-1,-1,1,2,2,2,2,2,2,2,2,1,1,2,85,14,48,441
1703,0,-1,2,2,2,2,2,2,2,-1,-1,-1,-1,-1,1,2,2,2,2,2,2,1,2,2,1,1,42,9,48,0
1711,1,-1,-1,-1,-1,-1,-1,-1,-1,-1,-1,-1,-1,-1,1,-1,-1,-1,-1,-1,-1,-1,-1,-1,1,2,67,5,48,0
1713,1,2,2,2,2,2,2,2,2,-1,-1,-1,-1,-1,1,-1,-1,-1,-1,-1,-1,-1,-1,-1,1,1,18,6,48,0
1714,1,-1,-1,-1,-1,-1,-1,-1,-1,-1,-1,-1,-1,-1,1,-1,-1,-1,-1,-1,-1,-1,-1,-1,2,2,71,7,48,0
1722,0,-1,2,2,2,2,2,2,2,-1,-1,-1,-1,-1,1,2,2,2,2,2,2,1,2,2,2,2,77,12,48,0
1723,0,-1,2,2,2,2,2,2,2,-1,-1,-1,-1,-1,1,2,2,2,2,2,2,1,2,2,2,2,52,12,48,0
1726,0,-1,-1,-1,-1,-1,-1,-1,-1,-1,-1,-1,-1,-1,1,-1,-1,-1,-1,-1,-1,-1,-1,-1,1,1,85,4,48,0
1727,0,-1,-1,-1,-1,-1,-1,-1,-1,-1,-1,-1,-1,-1,1,-1,-1,-1,-1,-1,-1,-1,-1,-1,1,2,80,4,48,0
1728,0,-1,2,2,2,2,2,2,2,-1,-1,-1,-1,-1,1,2,2,2,2,2,2,1,2,2,3,1,47,5,48,0
1729,0,-1,2,2,2,2,2,2,2,-1,-1,-1,-1,-1,1,2,2,2,2,2,2,1,2,2,1,2,54,5,48,0
1730,0,-1,2,2,1,3,3,3,2,-1,-1,1,-1,-1,1,2,2,2,2,2,2,1,2,2,1,2,38,3,48,0
1731,0,-1,2,2,2,2,2,2,2,-1,-1,-1,-1,-1,1,2,2,2,2,2,2,1,2,2,1,2,40,3,48,0
1738,0,-1,3,3,3,3,2,2,2,-1,-1,-1,-1,-1,1,2,2,2,2,2,2,1,2,2,1,2,85,13,48,0
1739,0,-1,-1,-1,-1,-1,-1,-1,-1,-1,-1,-1,-1,-1,1,-1,-1,-1,-1,-1,-1,-1,-1,-1,1,1,46,11,48,0
1742,0,-1,-1,-1,-1,-1,-1,-1,-1,-1,-1,-1,-1,-1,1,-1,-1,-1,-1,-1,-1,-1,-1,-1,1,1,80,7,48,0
1743,0,-1,-1,-1,-1,-1,-1,-1,-1,-1,-1,-1,-1,-1,1,-1,-1,-1,-1,-1,-1,-1,-1,-1,1,2,80,7,48,0
1744,0,-1,-1,-1,-1,-1,-1,-1,-1,-1,-1,-1,-1,-1,1,-1,-1,-1,-1,-1,-1,-1,-1,-1,1,1,85,10,48,0
1751,0,-1,3,3,3,3,3,3,2,-1,-1,-1,-1,-1,1,2,2,2,2,2,2,2,1,2,1,1,66,6,48,0
1756,0,-1,2,2,2,2,2,2,2,-1,-1,-1,-1,-1,1,2,2,2,2,2,2,2,2,1,1,2,85,10,48,0
1758,0,-1,2,2,2,2,2,2,2,-1,-1,-1,-1,-1,1,2,2,2,2,2,2,2,2,1,1,1,72,4,48,0
1762,0,-1,2,2,2,2,2,2,2,-1,-1,-1,-1,-1,1,2,2,2,2,2,2,1,1,2,1,2,55,3,48,0
1767,1,2,2,2,3,3,3,3,2,-1,-1,-1,-1,-1,1,-1,-1,-1,-1,-1,-1,-1,-1,-1,7,2,66,3,48,0
1773,0,-1,2,2,2,2,2,2,2,-1,-1,-1,-1,-1,1,1,1,1,1,1,2,1,2,2,2,2,64,5,48,0
1775,0,-1,2,2,2,2,2,2,2,-1,-1,-1,-1,-1,1,2,2,2,2,2,2,2,1,2,2,2,55,3,48,0
1780,0,-1,3,2,2,2,2,2,2,-1,-1,-1,-1,-1,1,2,2,2,2,2,2,2,1,2,1,2,72,3,48,479
1784,0,-1,2,2,2,3,2,2,2,-1,-1,-1,-1,-1,1,2,2,2,2,2,2,1,2,2,1,2,44,16,48,485
1785,1,3,2,2,2,2,3,3,2,-1,-1,-1,-1,-1,1,-1,-1,-1,-1,-1,-1,-1,-1,-1,1,1,43,16,48,485
1800,0,-1,2,2,2,2,2,2,2,-1,-1,-1,-1,-1,1,2,2,2,2,2,2,2,2,1,1,1,70,12,48,0
1801,0,-1,2,2,2,2,2,2,2,-1,-1,-1,-1,-1,1,2,2,2,2,2,2,2,2,1,1,2,68,12,48,0
1805,0,-1,2,2,2,2,2,2,2,-1,-1,-1,-1,-1,1,1,2,2,2,2,2,1,2,2,1,1,29,11,48,0
1809,0,-1,2,2,2,2,2,2,2,-1,-1,-1,-1,-1,1,2,2,2,2,2,2,2,2,1,1,1,80,14,48,0
1822,1,1,3,3,3,3,3,3,2,-1,-1,-1,-1,-1,1,-1,-1,-1,-1,-1,-1,-1,-1,-1,1,2,85,10,48,0
1823,0,-1,2,2,2,2,2,2,2,-1,-1,-1,-1,-1,1,2,2,2,2,2,2,2,2,1,1,1,85,10,48,0
1825,0,-1,-1,-1,-1,-1,-1,-1,-1,-1,-1,-1,-1,-1,1,-1,-1,-1,-1,-1,-1,-1,-1,-1,1,2,77,10,48,0
1826,0,-1,3,3,3,3,3,3,2,-1,-1,-1,-1,-1,1,2,2,2,2,2,2,2,2,1,1,1,85,3,48,0
1830,0,-1,-1,-1,-1,-1,-1,-1,-1,-1,-1,-1,-1,-1,1,-1,-1,-1,-1,-1,-1,-1,-1,-1,1,1,45,13,48,0
1841,0,-1,2,2,2,2,2,2,2,-1,-1,-1,-1,-1,1,2,2,2,2,2,2,2,2,1,1,1,80,12,48,0
1846,1,1,2,2,2,2,2,2,2,-1,-1,-1,-1,-1,1,-1,-1,-1,-1,-1,-1,-1,-1,-1,1,2,44,16,48,0
1848,1,1,2,2,2,2,2,2,2,-1,-1,-1,-1,-1,1,-1,-1,-1,-1,-1,-1,-1,-1,-1,1,2,58,6,48,0
1860,0,-1,2,2,2,2,2,2,2,-1,-1,-1,-1,-1,1,2,2,2,2,1,2,2,2,2,1,1,64,5,48,0
1871,1,-1,-1,-1,-1,-1,-1,-1,-1,-1,-1,-1,-1,-1,1,-1,-1,-1,-1,-1,-1,-1,-1,-1,1,2,60,8,48,0
1878,0,-1,2,2,2,2,2,2,2,-1,-1,-1,-1,-1,1,2,2,2,2,2,2,2,2,1,4,2,50,13,48,0
1880,1,1,2,2,2,2,2,2,2,-1,-1,-1,-1,-1,1,-1,-1,-1,-1,-1,-1,-1,-1,-1,1,1,56,14,48,0
1885,0,-1,2,2,2,2,2,2,2,-1,-1,-1,-1,-1,1,2,2,2,2,2,1,2,2,2,1,2,59,11,48,0
1889,0,-1,2,2,2,2,2,2,2,-1,-1,-1,-1,-1,1,2,2,2,2,2,2,1,2,2,1,2,63,1,48,0
1896,0,-1,2,2,-9,-9,-9,-9,-9,-1,-1,-1,-1,-1,1,2,2,2,2,2,2,1,2,2,1,1,38,6,48,0
1900,0,-1,2,2,2,2,2,2,2,-1,-1,-1,-1,-1,1,2,2,2,2,2,2,2,2,1,1,1,68,14,48,0
1901,0,-1,2,2,1,2,2,2,2,-1,-1,2,-1,-1,1,2,2,2,2,2,2,2,2,1,1,1,47,12,48,0
1915,0,-1,2,2,2,2,2,2,2,-1,-1,-1,-1,-1,1,-2,-1,-1,-1,-1,-1,-1,-1,-1,1,2,75,2,48,0
1916,0,-1,-9,-9,-9,-9,-9,-9,-9,-1,-1,-1,-1,-1,1,-9,-1,-1,-1,-1,-1,-1,-1,-1,1,1,33,14,48,0
1928,0,-1,2,2,2,2,2,2,2,-1,-1,-1,-1,-1,1,2,2,2,2,2,2,1,2,2,1,2,74,13,48,0
1936,0,-1,2,2,2,2,2,2,2,-1,-1,-1,-1,-1,1,2,2,2,2,2,2,2,2,1,1,1,72,14,48,0
1945,0,-1,2,2,2,2,2,2,2,-1,-1,-1,-1,-1,1,2,2,1,2,2,2,2,2,2,3,2,68,1,48,0
1947,0,-1,2,2,3,3,2,2,2,-1,-1,-1,-1,-1,1,2,2,2,2,2,2,2,2,1,1,2,79,7,48,0
1963,0,-1,3,3,3,3,3,3,2,-1,-1,-1,-1,-1,1,2,2,2,2,2,2,2,2,1,1,2,62,13,48,0
1964,1,1,2,2,2,2,2,2,2,-1,-1,-1,-1,-1,1,-1,-1,-1,-1,-1,-1,-1,-1,-1,1,1,65,13,48,0
1979,0,-1,3,3,3,3,3,3,2,-1,-1,-1,-1,-1,1,2,2,2,2,2,2,1,2,2,1,1,60,13,48,61
1998,0,-1,-1,-1,-1,-1,-1,-1,-1,-1,-1,-1,-1,-1,1,-1,-1,-1,-1,-1,-1,-1,-1,-1,1,2,85,13,48,0
2009,0,-1,3,3,3,3,2,3,2,-1,-1,-1,-1,-1,1,2,2,2,2,2,2,2,2,1,1,1,77,15,48,0
2012,1,1,3,3,3,3,3,3,2,-1,-1,-1,-1,-1,1,-1,-1,-1,-1,-1,-1,-1,-1,-1,1,1,57,13,48,0
2015,0,-1,2,2,3,3,2,3,2,-1,-1,-1,-1,-1,1,2,2,2,2,2,2,1,1,2,1,2,73,7,48,0
2047,0,-1,2,2,2,2,3,2,2,-1,-1,-1,-1,-1,1,2,2,2,2,2,2,1,2,2,1,2,24,7,48,0
2053,1,1,2,2,2,2,2,2,2,-1,-1,-1,-1,-1,1,-1,-1,-1,-1,-1,-1,-1,-1,-1,1,2,58,12,48,0
2068,0,-1,2,2,2,2,2,2,2,-1,-1,-1,-1,-1,1,2,2,2,2,2,2,1,2,2,2,1,57,7,48,0
2074,0,-1,2,3,3,3,3,3,2,-1,-1,-1,-1,-1,1,2,2,2,2,2,2,2,2,1,1,1,78,10,48,0
2079,0,-1,2,2,2,2,2,2,1,-1,-1,-1,-1,3,1,2,2,2,2,2,2,2,2,1,1,1,59,8,48,0
2084,0,-1,3,3,3,3,3,3,2,-1,-1,-1,-1,-1,1,2,2,2,2,2,2,1,2,2,2,1,52,2,48,0
2104,1,-1,-1,-1,-1,-1,-1,-1,-1,-1,-1,-1,-1,-1,1,-1,-1,-1,-1,-1,-1,-1,-1,-1,1,1,70,14,48,0
2117,1,-1,-1,-1,-1,-1,-1,-1,-1,-1,-1,-1,-1,-1,1,-1,-1,-1,-1,-1,-1,-1,-1,-1,1,2,65,6,48,0
2136,0,-1,-1,-1,-1,-1,-1,-1,-1,-1,-1,-1,-1,-1,1,-1,-1,-1,-1,-1,-1,-1,-1,-1,1,1,85,16,48,0
2143,0,-1,-1,-1,-1,-1,-1,-1,-1,-1,-1,-1,-1,-1,1,-1,-1,-1,-1,-1,-1,-1,-1,-1,1,2,80,15,48,0
2148,0,-1,2,2,2,2,2,2,2,-1,-1,-1,-1,-1,1,2,2,2,2,2,2,2,2,1,1,1,71,14,48,135
2155,0,-1,-1,-1,-1,-1,-1,-1,-1,-1,-1,-1,-1,-1,1,-1,-1,-1,-1,-1,-1,-1,-1,-1,1,1,60,4,48,135
2201,0,-1,2,2,2,2,2,2,2,-1,-1,-1,-1,-1,1,2,2,2,2,2,2,2,2,1,1,2,80,4,48,0
2205,0,-1,3,3,3,3,3,3,2,-1,-1,-1,-1,-1,1,2,2,2,2,2,2,1,2,2,1,1,61,5,48,181
2206,0,-1,3,3,3,3,3,3,2,-1,-1,-1,-1,-1,1,2,2,2,2,2,2,1,2,2,1,1,69,6,48,181
2212,0,-1,2,2,2,2,2,2,2,-1,-1,-1,-1,-1,1,2,2,2,2,2,2,1,2,2,4,1,54,10,48,0
2220,0,-1,-1,-1,-1,-1,-1,-1,-1,-1,-1,-1,-1,-1,1,-1,-1,-1,-1,-1,-1,-1,-1,-1,1,2,62,16,48,0
2244,0,-1,1,2,3,1,1,2,2,4,-1,-1,2,-1,1,2,2,2,2,2,2,1,2,2,4,2,38,12,48,0
2249,0,-1,2,3,3,3,2,2,2,-1,-1,-1,-1,-1,1,2,2,2,2,2,2,2,2,1,1,1,69,11,48,0
2250,0,-1,3,3,3,3,2,3,2,-1,-1,-1,-1,-1,1,2,2,2,2,2,2,2,2,1,1,2,69,11,48,0
2261,1,-1,-1,-1,-1,-1,-1,-1,-1,-1,-1,-1,-1,-1,1,-1,-1,-1,-1,-1,-1,-1,-1,-1,1,2,43,16,48,0
2262,0,-1,-1,-1,-1,-1,-1,-1,-1,-1,-1,-1,-1,-1,1,-1,-1,-1,-1,-1,-1,-1,-1,-1,1,1,63,16,48,0
2263,0,-1,-1,-1,-1,-1,-1,-1,-1,-1,-1,-1,-1,-1,1,-1,-1,-1,-1,-1,-1,-1,-1,-1,1,1,43,16,48,0
2267,1,1,3,2,3,3,3,3,2,-1,-1,-1,-1,-1,1,-1,-1,-1,-1,-1,-1,-1,-1,-1,1,1,76,12,48,0
2302,0,-1,2,2,2,2,2,2,2,-1,-1,-1,-1,-1,1,2,2,2,2,2,2,1,2,2,2,2,69,9,48,0
2319,0,-1,2,2,2,2,2,2,2,-1,-1,-1,-1,-1,1,2,2,2,2,2,2,2,2,1,1,1,79,6,48,0
2329,0,-1,2,2,2,2,2,2,2,-1,-1,-1,-1,-1,1,2,2,2,2,2,2,1,2,2,1,2,80,13,48,0
2330,0,-1,-1,-1,-1,-1,-1,-1,-1,-1,-1,-1,-1,-1,1,-1,-1,-1,-1,-1,-1,-1,-1,-1,1,1,30,10,48,0
2379,0,-1,-1,-1,-1,-1,-1,-1,-1,-1,-1,-1,-1,-1,1,-1,-1,-1,-1,-1,-1,-1,-1,-1,1,2,85,6,48,0
2381,0,-1,2,2,2,2,2,2,2,-1,-1,-1,-1,-1,1,1,2,2,2,2,2,2,2,2,1,2,67,4,48,215
2402,0,-1,2,2,3,2,2,2,2,-1,-1,-1,-1,-1,1,2,2,2,2,2,2,2,2,1,1,2,65,7,48,0
2403,0,-1,2,2,2,2,2,2,2,-1,-1,-1,-1,-1,1,2,2,2,2,2,2,2,2,1,1,1,64,7,48,0
2410,0,-1,2,2,2,2,1,2,2,-1,-1,-1,4,-1,1,2,2,2,2,2,2,1,2,2,2,2,47,8,48,0
2412,0,-1,-1,-1,-1,-1,-1,-1,-1,-1,-1,-1,-1,-1,1,-1,-1,-1,-1,-1,-1,-1,-1,-1,2,2,19,8,48,0
2421,0,-1,-2,-2,-2,-2,-2,-2,-2,-1,-1,-1,-1,-1,1,-2,-1,-1,-1,-1,-1,-1,-1,-1,1,2,61,15,48,0
2467,0,-1,2,2,2,2,2,2,2,-1,-1,-1,-1,-1,1,2,2,2,2,2,2,2,1,2,1,2,68,7,48,0
2473,0,-1,2,2,2,2,2,2,2,-1,-1,-1,-1,-1,1,2,2,2,2,2,2,2,2,1,1,2,80,15,48,0
2477,1,3,2,2,2,2,2,2,2,-1,-1,-1,-1,-1,1,-1,-1,-1,-1,-1,-1,-1,-1,-1,1,2,53,7,48,0
2478,0,-1,-1,-1,-1,-1,-1,-1,-1,-1,-1,-1,-1,-1,1,-1,-1,-1,-1,-1,-1,-1,-1,-1,1,1,62,12,48,0
2484,1,1,3,3,3,3,3,2,2,-1,-1,-1,-1,-1,1,-1,-1,-1,-1,-1,-1,-1,-1,-1,1,2,54,11,48,0
2491,0,-1,2,2,2,2,2,2,2,-1,-1,-1,-1,-1,1,2,2,2,2,2,2,2,2,1,2,2,67,4,48,0
2508,0,-1,2,2,2,2,2,2,2,-1,-1,-1,-1,-1,1,2,2,2,2,2,2,2,2,1,1,1,73,15,48,0
2533,1,1,2,2,2,2,2,2,2,-1,-1,-1,-1,-1,1,-1,-1,-1,-1,-1,-1,-1,-1,-1,1,1,36,12,48,0
2552,0,-1,2,2,2,2,2,2,2,-1,-1,-1,-1,-1,1,2,2,2,2,2,2,2,2,1,1,1,85,14,48,0
2568,0,-1,3,3,3,3,3,3,2,-1,-1,-1,-1,-1,1,2,2,2,2,2,2,1,2,2,2,1,66,11,48,0
2571,0,-1,2,2,2,2,2,2,2,-1,-1,-1,-1,-1,1,2,2,2,2,2,2,2,2,1,1,2,85,10,48,0
2574,0,-1,-1,-1,-1,-1,-1,-1,-1,-1,-1,-1,-1,-1,1,-1,-1,-1,-1,-1,-1,-1,-1,-1,1,1,46,3,48,439
2586,0,-1,-1,-1,-1,-1,-1,-1,-1,-1,-1,-1,-1,-1,1,-1,-1,-1,-1,-1,-1,-1,-1,-1,1,1,56,11,48,441
2587,0,-1,2,2,2,2,2,2,2,-1,-1,-1,-1,-1,1,2,2,2,2,2,2,2,2,1,1,2,85,10,48,441
2634,0,-1,3,3,3,3,3,3,2,-1,-1,-1,-1,-1,1,2,2,2,2,2,2,2,2,1,1,2,80,7,48,0
2635,0,-1,2,3,2,2,2,3,2,-1,-1,-1,-1,-1,1,2,2,2,2,2,2,2,2,1,1,2,62,5,48,0
2641,0,-1,3,3,3,3,3,3,2,-1,-1,-1,-1,-1,1,2,2,2,2,2,2,1,2,2,1,1,80,13,48,0
2642,0,-1,3,3,3,3,3,3,2,-1,-1,-1,-1,-1,1,2,2,2,2,2,2,2,2,1,1,2,80,13,48,0
2648,0,-1,3,3,3,3,3,3,2,-1,-1,-1,-1,-1,1,2,2,2,2,2,2,1,1,2,1,1,70,13,48,0
2661,0,-1,3,3,3,3,3,3,2,-1,-1,-1,-1,-1,1,2,2,2,2,2,2,2,2,1,2,2,76,9,48,0
2684,0,-1,1,2,2,2,2,2,2,3,-1,-1,-1,-1,1,2,2,2,2,2,2,1,2,2,3,2,24,12,48,0
2692,0,-1,2,2,2,2,2,2,2,-1,-1,-1,-1,-1,1,2,2,2,2,2,2,2,2,1,1,2,85,6,48,0
2695,1,1,2,2,2,2,2,2,2,-1,-1,-1,-1,-1,1,-1,-1,-1,-1,-1,-1,-1,-1,-1,1,1,73,7,48,0
2698,0,-1,3,3,3,3,3,3,2,-1,-1,-1,-1,-1,1,2,2,2,2,2,2,2,2,1,1,1,77,14,48,0
2700,0,-1,-1,-1,-1,-1,-1,-1,-1,-1,-1,-1,-1,-1,1,-1,-1,-1,-1,-1,-1,-1,-1,-1,1,2,80,15,48,0
2705,0,-1,-1,-1,-1,-1,-1,-1,-1,-1,-1,-1,-1,-1,1,-1,-1,-1,-1,-1,-1,-1,-1,-1,1,2,85,6,48,0
2733,0,-1,2,2,2,2,2,2,2,-1,-1,-1,-1,-1,1,2,2,2,2,2,2,1,2,2,1,1,80,14,48,0
2743,0,-1,3,3,3,3,2,2,2,-1,-1,-1,-1,-1,1,2,2,2,2,2,2,1,2,2,1,2,65,10,48,0
2772,1,1,2,2,2,2,2,2,2,-1,-1,-1,-1,-1,1,-1,-1,-1,-1,-1,-1,-1,-1,-1,1,2,55,8,48,0
2777,1,1,2,2,2,2,2,2,2,-1,-1,-1,-1,-1,1,-1,-1,-1,-1,-1,-1,-1,-1,-1,1,1,63,13,48,0
2780,0,-1,3,3,3,3,3,3,2,-1,-1,-1,-1,-1,1,-2,-1,-1,-1,-1,-1,-1,-1,-1,1,1,52,11,48,0
2785,0,-1,2,3,3,3,3,3,2,-1,-1,-1,-1,-1,1,2,2,2,2,2,2,2,2,1,1,2,85,10,48,0
2789,0,-1,2,2,2,2,2,2,2,-1,-1,-1,-1,-1,1,2,2,2,2,2,2,2,2,1,1,1,73,3,48,0
2799,0,-1,2,2,2,2,2,2,2,-1,-1,-1,-1,-1,1,2,2,2,2,2,2,2,2,1,1,2,80,5,48,0
2800,0,-1,2,2,2,2,2,2,2,-1,-1,-1,-1,-1,1,2,2,2,2,2,2,2,2,1,1,2,80,8,48,0
2807,0,-1,-1,-1,-1,-1,-1,-1,-1,-1,-1,-1,-1,-1,1,-1,-1,-1,-1,-1,-1,-1,-1,-1,2,2,85,15,48,0
2815,0,-1,2,2,3,2,3,3,2,-1,-1,-1,-1,-1,1,2,2,2,2,2,2,2,2,1,1,2,80,6,48,0
2817,0,-1,-1,-1,-1,-1,-1,-1,-1,-1,-1,-1,-1,-1,1,-1,-1,-1,-1,-1,-1,-1,-1,-1,6,2,36,11,48,0
2830,0,-1,2,2,2,2,2,2,2,-1,-1,-1,-1,-1,1,2,2,2,2,2,2,2,2,1,1,1,80,13,48,0
2831,0,-1,2,2,2,2,2,2,2,-1,-1,-1,-1,-1,1,2,2,2,2,2,2,2,2,1,1,2,74,13,48,0
2853,0,-1,2,2,2,2,2,2,2,-1,-1,-1,-1,-1,1,2,2,2,2,2,2,1,2,2,2,1,65,11,48,0
2865,0,-1,2,2,2,2,2,2,2,-1,-1,-1,-1,-1,1,2,2,2,2,2,2,2,2,1,1,2,69,15,48,0
2873,0,-1,3,3,2,3,3,3,2,-1,-1,-1,-1,-1,1,2,2,2,2,1,2,1,1,2,1,2,69,4,48,0
2879,0,-1,2,2,2,2,2,2,2,-1,-1,-1,-1,-1,1,2,2,2,2,2,2,2,2,1,1,1,71,15,48,0
2889,0,-1,2,2,2,2,2,2,2,-1,-1,-1,-1,-1,1,2,2,2,2,2,2,2,2,1,4,2,77,16,48,0
2890,0,-1,2,2,2,2,2,2,2,-1,-1,-1,-1,-1,1,2,2,2,2,2,2,2,2,1,4,2,72,16,48,0
2891,0,-1,2,2,2,2,2,2,2,-1,-1,-1,-1,-1,1,2,2,2,2,2,2,2,2,1,4,1,74,16,48,0
2896,0,-1,2,2,2,2,2,2,2,-1,-1,-1,-1,-1,1,2,2,2,2,2,2,2,2,1,1,2,77,12,48,0
2897,0,-1,2,2,2,2,2,2,2,-1,-1,-1,-1,-1,1,2,2,2,2,2,2,2,2,1,1,1,78,12,48,0
2900,1,1,2,2,2,2,2,2,2,-1,-1,-1,-1,-1,1,-1,-1,-1,-1,-1,-1,-1,-1,-1,1,1,48,16,48,0
2928,0,-1,-1,-1,-1,-1,-1,-1,-1,-1,-1,-1,-1,-1,1,-1,-1,-1,-1,-1,-1,-1,-1,-1,1,2,29,15,48,135
2937,0,-1,3,3,3,3,2,3,2,-1,-1,-1,-1,-1,1,2,2,2,2,2,2,1,2,2,9,2,17,14,48,0
2945,0,-1,3,3,3,3,3,3,2,-1,-1,-1,-1,-1,1,2,2,2,2,2,2,1,2,2,1,1,28,8,48,0
2951,0,-1,-1,-1,-1,-1,-1,-1,-1,-1,-1,-1,-1,-1,1,-1,-1,-1,-1,-1,-1,-1,-1,-1,1,1,20,6,48,0
2966,1,2,2,2,2,2,2,2,2,-1,-1,-1,-1,-1,1,-1,-1,-1,-1,-1,-1,-1,-1,-1,1,2,24,11,48,0
2967,0,-1,2,2,2,2,2,2,2,-1,-1,-1,-1,-1,1,2,2,2,2,2,2,1,2,2,1,1,54,11,48,0
2977,0,-1,2,2,2,2,2,2,2,-1,-1,-1,-1,-1,1,2,2,2,2,2,2,2,2,1,1,1,80,14,48,0
2978,0,-1,2,2,2,2,2,2,2,-1,-1,-1,-1,-1,1,2,2,2,2,2,2,2,2,1,1,2,72,14,48,0
2990,0,-1,2,2,2,2,2,3,2,-1,-1,-1,-1,-1,1,2,2,2,2,2,2,1,2,2,4,2,54,15,48,0
3005,0,-1,2,2,2,2,2,2,2,-1,-1,-1,-1,-1,1,2,2,2,2,2,2,2,2,1,1,1,80,9,48,0
3011,1,2,2,2,2,2,1,2,1,-1,-1,-1,1,4,1,-1,-1,-1,-1,-1,-1,-1,-1,-1,7,1,22,13,48,181
3012,1,4,2,2,2,2,2,2,2,-1,-1,-1,-1,-1,1,-1,-1,-1,-1,-1,-1,-1,-1,-1,1,2,60,13,48,181
3013,0,-1,2,2,2,2,2,2,2,-1,-1,-1,-1,-1,1,2,2,2,2,2,2,2,1,2,1,1,64,13,48,181
3074,1,1,2,2,2,2,2,2,2,-1,-1,-1,-1,-1,1,-1,-1,-1,-1,-1,-1,-1,-1,-1,2,2,43,1,48,0
3088,0,-1,2,2,2,2,2,2,2,-1,-1,-1,-1,-1,1,2,2,2,2,2,2,2,2,1,1,1,68,10,48,0
3118,1,2,2,2,2,2,2,2,2,-1,-1,-1,-1,-1,1,-1,-1,-1,-1,-1,-1,-1,-1,-1,2,1,17,9,48,0
3124,0,-1,2,2,2,3,3,3,2,-1,-1,-1,-1,-1,1,2,2,2,2,2,2,2,2,1,1,2,68,15,48,0
3139,0,-1,2,2,2,2,2,2,2,-1,-1,-1,-1,-1,1,1,2,2,2,2,2,2,2,2,2,2,38,1,48,0
3142,0,-1,3,3,3,3,2,2,2,-1,-1,-1,-1,-1,1,2,2,2,2,2,2,2,2,1,1,2,85,11,48,0
3149,1,4,3,3,3,3,3,3,2,-1,-1,-1,-1,-1,1,-1,-1,-1,-1,-1,-1,-1,-1,-1,1,1,48,7,48,215
3155,0,-1,3,3,3,3,3,3,2,-1,-1,-1,-1,-1,1,2,2,2,2,2,2,1,2,2,1,1,80,3,48,215
3170,0,-1,2,2,2,2,2,2,2,-1,-1,-1,-1,-1,1,2,2,2,2,2,2,1,2,2,2,2,63,9,48,0
3171,1,1,2,2,2,2,2,2,2,-1,-1,-1,-1,-1,1,-1,-1,-1,-1,-1,-1,-1,-1,-1,2,1,68,9,48,0
3173,0,-1,-1,-1,-1,-1,-1,-1,-1,-1,-1,-1,-1,-1,1,-1,-1,-1,-1,-1,-1,-1,-1,-1,1,1,80,5,48,0
3177,0,-1,-1,-1,-1,-1,-1,-1,-1,-1,-1,-1,-1,-1,1,-1,-1,-1,-1,-1,-1,-1,-1,-1,1,1,70,12,48,0
3184,0,-1,-1,-1,-1,-1,-1,-1,-1,-1,-1,-1,-1,-1,1,-1,-1,-1,-1,-1,-1,-1,-1,-1,1,2,61,6,48,0
3185,0,-1,-1,-1,-1,-1,-1,-1,-1,-1,-1,-1,-1,-1,1,-1,-1,-1,-1,-1,-1,-1,-1,-1,1,1,37,6,48,0
3194,0,-1,2,2,2,2,3,2,2,-1,-1,-1,-1,-1,1,2,2,2,2,2,2,1,2,2,1,1,79,12,48,0
3213,1,1,2,2,2,2,2,2,2,-1,-1,-1,-1,-1,1,-1,-1,-1,-1,-1,-1,-1,-1,-1,1,2,85,10,48,309
3215,0,-1,2,2,2,2,2,2,2,-1,-1,-1,-1,-1,1,2,2,2,2,2,2,2,2,1,1,2,71,9,48,309
3217,1,-1,-1,-1,-1,-1,-1,-1,-1,-1,-1,-1,-1,-1,1,-1,-1,-1,-1,-1,-1,-1,-1,-1,1,2,58,9,48,309
3220,0,-1,2,2,2,2,2,2,2,-1,-1,-1,-1,-1,1,2,2,2,2,2,2,2,2,1,1,2,79,9,48,309
3225,0,-1,2,2,2,2,2,2,2,-1,-1,-1,-1,-1,1,2,2,2,2,2,2,2,2,1,1,2,74,16,48,0
3236,0,-1,2,2,2,2,3,2,2,-1,-1,-1,-1,-1,1,2,2,2,2,2,2,2,2,1,1,1,78,4,48,0
3247,0,-1,3,3,3,3,3,3,2,-1,-1,-1,-1,-1,1,2,2,2,2,2,2,1,2,2,1,1,77,12,48,0
3265,0,-1,2,2,3,3,3,3,2,-1,-1,-1,-1,-1,1,2,2,2,2,2,2,2,2,1,1,1,51,9,48,0
3272,0,-1,-1,-1,-1,-1,-1,-1,-1,-1,-1,-1,-1,-1,1,-1,-1,-1,-1,-1,-1,-1,-1,-1,1,2,56,10,48,423
3273,0,-1,-1,-1,-1,-1,-1,-1,-1,-1,-1,-1,-1,-1,1,-1,-1,-1,-1,-1,-1,-1,-1,-1,1,2,60,10,48,423
3274,0,-1,-1,-1,-1,-1,-1,-1,-1,-1,-1,-1,-1,-1,1,-1,-1,-1,-1,-1,-1,-1,-1,-1,1,2,34,10,48,423
3307,0,-1,-1,-1,-1,-1,-1,-1,-1,-1,-1,-1,-1,-1,1,-1,-1,-1,-1,-1,-1,-1,-1,-1,1,1,69,13,48,0
3322,0,-1,2,2,2,2,2,2,2,-1,-1,-1,-1,-1,1,2,2,2,2,2,2,2,2,1,1,1,74,10,48,0
3325,1,3,2,2,2,2,2,2,2,-1,-1,-1,-1,-1,1,-1,-1,-1,-1,-1,-1,-1,-1,-1,1,2,31,10,48,0
3326,1,1,2,2,2,2,2,2,2,-1,-1,-1,-1,-1,1,-1,-1,-1,-1,-1,-1,-1,-1,-1,1,2,30,14,48,0
3327,1,1,2,2,2,2,2,2,2,-1,-1,-1,-1,-1,1,-1,-1,-1,-1,-1,-1,-1,-1,-1,1,1,33,14,48,0
3346,0,-1,-1,-1,-1,-1,-1,-1,-1,-1,-1,-1,-1,-1,1,-1,-1,-1,-1,-1,-1,-1,-1,-1,1,2,71,16,48,0
3364,0,-1,2,3,3,3,3,3,2,-1,-1,-1,-1,-1,1,2,2,2,2,2,2,2,2,1,1,1,79,7,48,0
3365,0,-1,2,3,3,3,2,3,2,-1,-1,-1,-1,-1,1,2,2,2,2,2,2,1,2,2,1,1,35,10,48,0
3370,0,-1,2,3,3,3,3,3,1,-1,-1,-1,-1,2,1,2,2,2,2,2,2,1,2,2,1,2,51,1,48,0
3391,0,-1,2,2,2,2,2,2,2,-1,-1,-1,-1,-1,1,2,2,2,2,2,2,2,2,1,1,1,80,14,48,0
3416,0,-1,2,2,2,2,2,2,2,-1,-1,-1,-1,-1,1,2,2,1,2,2,2,2,2,2,1,2,16,6,48,0
3417,0,-1,2,2,2,2,2,2,1,-1,-1,-1,-1,3,1,2,2,2,2,2,2,2,2,1,1,2,15,6,48,0
3427,0,-1,-1,-1,-1,-1,-1,-1,-1,-1,-1,-1,-1,-1,1,-1,-1,-1,-1,-1,-1,-1,-1,-1,4,2,70,13,48,0
3436,0,-1,2,3,3,2,2,2,2,-1,-1,-1,-1,-1,1,2,2,2,2,2,2,2,2,1,1,2,52,15,48,0
3440,0,-1,2,2,2,2,2,2,2,-1,-1,-1,-1,-1,1,2,2,2,2,2,2,2,2,1,1,2,55,10,48,0
3458,0,-1,2,2,2,2,2,2,2,-1,-1,-1,-1,-1,1,2,2,2,2,2,2,2,2,1,1,2,85,7,48,0
3470,0,-1,3,2,2,2,2,2,2,-1,-1,-1,-1,-1,1,2,2,2,2,2,2,1,2,2,1,2,80,4,48,0
3471,0,-1,2,2,2,2,2,2,2,-1,-1,-1,-1,-1,1,2,2,2,2,2,2,1,2,2,1,1,50,4,48,0
3477,0,-1,3,3,3,3,2,3,2,-1,-1,-1,-1,-1,1,2,2,2,2,2,2,2,1,2,2,1,15,14,48,0
3479,0,-1,2,2,2,2,2,2,2,-1,-1,-1,-1,-1,1,2,1,2,2,2,2,2,2,2,1,2,80,9,48,0
3480,0,-1,2,2,2,2,2,2,2,-1,-1,-1,-1,-1,1,2,2,1,2,2,2,2,2,2,1,2,80,9,48,0
3486,1,-1,-1,-1,-1,-1,-1,-1,-1,-1,-1,-1,-1,-1,1,-1,-1,-1,-1,-1,-1,-1,-1,-1,1,1,67,16,48,0
3501,0,-1,3,3,3,3,3,3,2,-1,-1,-1,-1,-1,1,2,2,2,2,2,2,1,2,2,1,2,80,12,48,61
3545,1,1,2,2,2,2,2,2,2,-1,-1,-1,-1,-1,1,-1,-1,-1,-1,-1,-1,-1,-1,-1,1,1,58,13,48,0
3546,0,-1,2,2,2,2,2,2,2,-1,-1,-1,-1,-1,1,2,2,2,2,2,2,2,2,1,1,2,44,13,48,0
3547,0,-1,2,2,2,2,2,2,2,-1,-1,-1,-1,-1,1,2,2,2,2,2,2,2,2,1,1,2,45,13,48,0
3548,0,-1,2,2,2,2,2,2,2,-1,-1,-1,-1,-1,1,2,2,2,2,2,2,2,2,1,1,1,67,13,48,0
3549,0,-1,-1,-1,-1,-1,-1,-1,-1,-1,-1,-1,-1,-1,1,-1,-1,-1,-1,-1,-1,-1,-1,-1,1,1,58,11,48,0
3550,0,-1,-1,-1,-1,-1,-1,-1,-1,-1,-1,-1,-1,-1,1,-1,-1,-1,-1,-1,-1,-1,-1,-1,1,2,44,11,48,0
3555,1,-1,-1,-1,-1,-1,-1,-1,-1,-1,-1,-1,-1,-1,1,-1,-1,-1,-1,-1,-1,-1,-1,-1,1,1,61,7,48,0
3556,0,-1,-1,-1,-1,-1,-1,-1,-1,-1,-1,-1,-1,-1,1,-1,-1,-1,-1,-1,-1,-1,-1,-1,1,2,64,7,48,0
3586,0,-1,2,2,2,2,2,2,2,-1,-1,-1,-1,-1,1,2,2,2,2,2,2,2,2,1,1,1,78,9,48,0
3587,0,-1,2,2,2,2,2,2,2,-1,-1,-1,-1,-1,1,2,2,2,2,2,2,2,2,1,1,2,74,9,48,0
3600,0,-1,2,2,2,2,2,2,2,-1,-1,-1,-1,-1,1,2,2,2,2,1,2,1,2,2,2,2,76,2,48,0
3612,1,1,2,2,2,2,2,2,2,-1,-1,-1,-1,-1,1,-1,-1,-1,-1,-1,-1,-1,-1,-1,2,1,73,14,48,0
3615,0,-1,-1,-1,-1,-1,-1,-1,-1,-1,-1,-1,-1,-1,1,-1,-1,-1,-1,-1,-1,-1,-1,-1,1,1,79,14,48,0
3625,0,-1,2,2,2,2,2,2,2,-1,-1,-1,-1,-1,1,2,2,2,2,2,2,1,2,2,1,1,74,10,48,0
3633,0,-1,-1,-1,-1,-1,-1,-1,-1,-1,-1,-1,-1,-1,1,-1,-1,-1,-1,-1,-1,-1,-1,-1,1,1,31,4,48,0
3655,0,-1,3,3,3,3,3,3,2,-1,-1,-1,-1,-1,1,2,2,2,2,2,2,2,2,1,1,2,64,13,48,0
3665,0,-1,3,3,3,3,3,3,2,-1,-1,-1,-1,-1,1,2,2,2,2,2,2,2,2,1,2,2,80,12,48,0
3670,1,3,2,2,2,2,2,2,2,-1,-1,-1,-1,-1,1,-1,-1,-1,-1,-1,-1,-1,-1,-1,1,2,58,7,48,0
3691,0,-1,2,2,2,2,2,2,2,-1,-1,-1,-1,-1,1,2,2,2,2,2,2,2,2,1,1,2,76,14,48,181
3692,0,-1,-1,-1,-1,-1,-1,-1,-1,-1,-1,-1,-1,-1,1,-1,-1,-1,-1,-1,-1,-1,-1,-1,2,2,79,7,48,181
3697,0,-1,2,2,2,2,2,2,2,-1,-1,-1,-1,-1,1,2,2,2,2,2,2,2,2,1,1,1,54,6,48,181
3698,0,-1,2,2,2,2,2,2,2,-1,-1,-1,-1,-1,1,1,2,2,2,2,2,2,2,2,7,2,55,6,48,181
3703,1,3,3,3,3,3,3,3,2,-1,-1,-1,-1,-1,1,-1,-1,-1,-1,-1,-1,-1,-1,-1,1,2,66,14,48,0
3704,1,2,2,2,2,2,2,2,2,-1,-1,-1,-1,-1,1,-1,-1,-1,-1,-1,-1,-1,-1,-1,1,1,32,14,48,0
3707,0,-1,2,2,2,2,2,2,2,-1,-1,-1,-1,-1,1,2,2,2,2,2,2,1,2,2,1,2,21,13,48,0
3708,0,-1,2,2,2,2,2,2,2,-1,-1,-1,-1,-1,1,2,2,2,2,2,2,1,2,2,1,1,23,13,48,0
3709,1,2,3,3,3,3,3,3,2,-1,-1,-1,-1,-1,1,-1,-1,-1,-1,-1,-1,-1,-1,-1,1,1,50,12,48,0
3737,1,-1,-1,-1,-1,-1,-1,-1,-1,-1,-1,-1,-1,-1,1,-1,-1,-1,-1,-1,-1,-1,-1,-1,1,1,67,15,48,0
3747,0,-1,2,2,2,2,2,2,2,-1,-1,-1,-1,-1,1,2,2,2,2,2,2,2,1,2,1,2,73,14,48,0
3753,0,-1,2,2,2,2,2,2,2,-1,-1,-1,-1,-1,1,2,2,1,2,2,2,2,1,2,2,1,33,8,48,0
3757,1,1,2,2,2,2,2,2,2,-1,-1,-1,-1,-1,1,-1,-1,-1,-1,-1,-1,-1,-1,-1,1,2,30,16,48,0
3762,1,-1,-1,-1,-1,-1,-1,-1,-1,-1,-1,-1,-1,-1,1,-1,-1,-1,-1,-1,-1,-1,-1,-1,1,1,66,9,48,0
3764,0,-1,-1,-1,-1,-1,-1,-1,-1,-1,-1,-1,-1,-1,1,-1,-1,-1,-1,-1,-1,-1,-1,-1,1,1,70,9,48,0
3765,0,-1,3,2,2,2,2,2,2,-1,-1,-1,-1,-1,1,2,2,2,2,2,2,2,1,2,4,1,85,5,48,0
3767,0,-1,2,2,2,2,2,2,2,-1,-1,-1,-1,-1,1,2,2,2,2,2,2,2,2,1,1,1,79,16,48,0
3768,0,-1,2,2,2,2,2,2,2,-1,-1,-1,-1,-1,1,2,2,2,2,2,2,2,2,1,1,2,78,16,48,0
3776,1,-1,-1,-1,-1,-1,-1,-1,-1,-1,-1,-1,-1,-1,1,-1,-1,-1,-1,-1,-1,-1,-1,-1,2,2,21,11,48,0
3789,0,-1,-9,-9,-9,-9,-9,-9,-9,-1,-1,-1,-1,-1,1,-9,-1,-1,-1,-1,-1,-1,-1,-1,1,2,85,6,48,0
3797,0,-1,3,3,3,3,3,3,2,-1,-1,-1,-1,-1,1,2,2,2,2,2,2,2,2,1,1,2,64,2,48,215
3802,0,-1,2,2,2,2,2,2,2,-1,-1,-1,-1,-1,1,2,2,2,2,2,2,2,2,1,1,2,85,7,48,215
3821,0,-1,3,3,3,3,2,3,2,-1,-1,-1,-1,-1,1,1,2,2,2,1,1,1,2,2,1,2,69,7,48,0
3828,0,-1,2,2,2,2,2,2,2,-1,-1,-1,-1,-1,1,2,2,2,2,2,2,1,2,2,1,2,25,11,48,0
3833,0,-1,2,2,2,2,1,2,2,-1,-1,-1,4,-1,1,2,2,2,2,2,2,2,2,1,1,2,67,5,48,0
3842,0,-1,-1,-1,-1,-1,-1,-1,-1,-1,-1,-1,-1,-1,1,-1,-1,-1,-1,-1,-1,-1,-1,-1,1,2,60,14,48,0
3853,0,-1,3,3,3,3,3,3,2,-1,-1,-1,-1,-1,1,2,2,2,2,2,2,1,2,2,1,1,53,10,48,0
3869,0,-1,2,2,2,2,2,2,2,-1,-1,-1,-1,-1,1,2,2,2,2,2,2,2,2,1,1,2,80,12,48,423
3870,0,-1,2,2,2,2,2,2,2,-1,-1,-1,-1,-1,1,2,2,2,2,2,2,2,2,1,1,1,80,12,48,423
3886,0,-1,2,2,2,2,2,2,2,-1,-1,-1,-1,-1,1,2,2,2,2,2,2,1,2,2,2,2,73,7,48,0
3888,0,-1,2,3,3,3,3,3,2,-1,-1,-1,-1,-1,1,2,2,2,2,2,2,1,2,2,1,1,74,10,48,0
3891,0,-1,-1,-1,-1,-1,-1,-1,-1,-1,-1,-1,-1,-1,1,-1,-1,-1,-1,-1,-1,-1,-1,-1,1,2,68,4,48,0
3895,0,-1,-1,-1,-1,-1,-1,-1,-1,-1,-1,-1,-1,-1,1,-1,-1,-1,-1,-1,-1,-1,-1,-1,1,1,73,13,48,0
3896,0,-1,-1,-1,-1,-1,-1,-1,-1,-1,-1,-1,-1,-1,1,-1,-1,-1,-1,-1,-1,-1,-1,-1,1,2,70,13,48,0
3906,0,-1,2,2,2,2,2,2,2,-1,-1,-1,-1,-1,1,2,2,2,2,2,2,1,2,2,2,2,60,5,48,0
3912,0,-1,2,2,2,2,2,2,2,-1,-1,-1,-1,-1,1,2,2,2,2,2,2,2,2,1,1,1,85,9,48,441
3913,0,-1,2,2,2,2,2,2,2,-1,-1,-1,-1,-1,1,2,2,2,2,2,2,2,2,1,1,2,80,9,48,441
3951,1,4,2,3,3,3,3,3,2,-1,-1,-1,-1,-1,1,-1,-1,-1,-1,-1,-1,-1,-1,-1,1,2,51,15,48,0
3961,0,-1,-1,-1,-1,-1,-1,-1,-1,-1,-1,-1,-1,-1,1,-1,-1,-1,-1,-1,-1,-1,-1,-1,1,1,76,5,48,485
3968,1,1,2,2,2,2,2,2,2,-1,-1,-1,-1,-1,1,-1,-1,-1,-1,-1,-1,-1,-1,-1,1,2,44,13,48,0
3975,1,1,1,3,3,3,3,3,1,3,-1,-1,-1,3,1,-1,-1,-1,-1,-1,-1,-1,-1,-1,1,1,40,15,48,0
3980,0,-1,2,2,2,2,2,2,2,-1,-1,-1,-1,-1,1,2,2,2,2,2,2,2,2,1,1,1,85,3,48,0
3993,0,-1,2,2,3,2,2,2,2,-1,-1,-1,-1,-1,1,2,2,2,2,2,2,1,2,2,1,2,70,5,48,0
4011,1,2,2,2,2,2,2,2,2,-1,-1,-1,-1,-1,1,-1,-1,-1,-1,-1,-1,-1,-1,-1,4,1,21,2,48,0
4038,1,-1,-1,-1,-1,-1,-1,-1,-1,-1,-1,-1,-1,-1,1,-1,-1,-1,-1,-1,-1,-1,-1,-1,1,1,68,15,48,0
4040,0,-1,2,2,2,2,2,2,2,-1,-1,-1,-1,-1,1,2,2,2,2,2,2,2,2,1,4,2,79,8,48,41
4041,0,-1,2,2,2,2,2,2,2,-1,-1,-1,-1,-1,1,2,2,2,2,2,2,2,1,2,4,2,62,8,48,41
4044,0,-1,3,3,3,3,3,3,2,-1,-1,-1,-1,-1,1,2,2,2,2,2,2,2,2,1,1,2,85,9,48,0
4058,0,-1,2,2,2,2,2,2,2,-1,-1,-1,-1,-1,1,2,2,2,2,2,2,2,2,1,1,1,85,6,48,0
4059,0,-1,-1,-1,-1,-1,-1,-1,-1,-1,-1,-1,-1,-1,1,-1,-1,-1,-1,-1,-1,-1,-1,-1,1,1,85,6,48,0
4078,0,-1,-1,-1,-1,-1,-1,-1,-1,-1,-1,-1,-1,-1,1,-1,-1,-1,-1,-1,-1,-1,-1,-1,1,1,75,6,48,0
4082,1,2,2,2,2,2,1,1,1,-1,-1,-1,3,3,1,-1,-1,-1,-1,-1,-1,-1,-1,-1,1,1,45,14,48,0
4085,1,1,2,3,1,3,1,3,2,-1,-1,3,1,-1,1,-1,-1,-1,-1,-1,-1,-1,-1,-1,1,2,54,15,48,0
4087,0,-1,2,2,2,2,2,2,2,-1,-1,-1,-1,-1,1,2,2,2,2,2,2,2,2,1,1,1,80,10,48,0
4130,0,-1,2,2,2,2,2,2,2,-1,-1,-1,-1,-1,1,2,2,2,2,2,2,2,2,1,2,1,85,10,48,0
4137,1,2,3,3,3,3,3,3,2,-1,-1,-1,-1,-1,1,-1,-1,-1,-1,-1,-1,-1,-1,-1,2,2,38,8,48,0
4141,0,-1,2,2,2,2,2,2,2,-1,-1,-1,-1,-1,1,2,2,2,2,2,2,1,2,2,1,1,72,16,48,0
4150,0,-1,3,3,3,3,3,3,2,-1,-1,-1,-1,-1,1,2,2,2,2,2,2,2,2,1,1,2,80,8,48,0
4153,0,-1,-1,-1,-1,-1,-1,-1,-1,-1,-1,-1,-1,-1,1,-1,-1,-1,-1,-1,-1,-1,-1,-1,1,2,68,5,48,0
4180,0,-1,2,2,2,2,3,3,2,-1,-1,-1,-1,-1,1,2,2,2,2,2,2,2,2,1,1,1,85,13,48,0
4181,1,1,2,2,2,2,2,2,2,-1,-1,-1,-1,-1,1,-1,-1,-1,-1,-1,-1,-1,-1,-1,1,1,64,8,48,0
4184,0,-1,2,2,2,2,2,2,2,-1,-1,-1,-1,-1,1,2,2,2,2,2,2,2,1,2,1,2,22,8,48,0
4213,0,-1,-1,-1,-1,-1,-1,-1,-1,-1,-1,-1,-1,-1,1,-1,-1,-1,-1,-1,-1,-1,-1,-1,1,2,85,5,48,0
4218,1,3,2,2,2,2,2,2,2,-1,-1,-1,-1,-1,1,-1,-1,-1,-1,-1,-1,-1,-1,-1,1,2,60,13,48,0
4242,0,-1,2,2,2,2,2,2,2,-1,-1,-1,-1,-1,1,2,2,2,2,2,2,1,2,2,1,2,57,14,48,251
4257,0,-1,2,2,2,2,2,2,2,-1,-1,-1,-1,-1,1,2,2,2,2,2,2,1,2,2,1,2,61,4,48,0
4260,0,-1,-1,-1,-1,-1,-1,-1,-1,-1,-1,-1,-1,-1,1,-1,-1,-1,-1,-1,-1,-1,-1,-1,1,2,58,1,48,0
4284,1,-1,-1,-1,-1,-1,-1,-1,-1,-1,-1,-1,-1,-1,1,-1,-1,-1,-1,-1,-1,-1,-1,-1,4,2,59,14,48,0
4292,1,2,2,2,3,3,3,3,2,-1,-1,-1,-1,-1,1,-1,-1,-1,-1,-1,-1,-1,-1,-1,1,2,85,8,48,439
4297,0,-1,2,2,2,2,2,2,2,-1,-1,-1,-1,-1,1,2,2,2,2,2,2,2,2,1,1,2,80,9,48,0
4298,0,-1,2,2,2,2,2,2,2,-1,-1,-1,-1,-1,1,2,2,2,2,2,2,2,2,1,1,1,85,10,48,0
4299,0,-1,2,2,2,2,2,2,2,-1,-1,-1,-1,-1,1,2,2,2,2,2,2,2,2,1,1,2,72,11,48,0
4303,0,-1,-1,-1,-1,-1,-1,-1,-1,-1,-1,-1,-1,-1,1,-1,-1,-1,-1,-1,-1,-1,-1,-1,1,2,54,3,48,441
4313,0,-1,2,2,2,2,2,2,2,-1,-1,-1,-1,-1,1,2,2,2,2,2,2,2,2,1,1,2,17,8,48,0
4349,1,4,-2,-2,-2,-2,-2,-2,-2,-1,-1,-1,-1,-1,1,-1,-1,-1,-1,-1,-1,-1,-1,-1,1,2,30,16,48,479
4360,0,-1,2,2,2,2,2,2,2,-1,-1,-1,-1,-1,1,2,2,2,2,2,2,2,2,1,2,1,71,15,48,485
4371,0,-1,2,2,2,2,2,2,2,-1,-1,-1,-1,-1,1,2,2,2,2,2,2,1,2,2,2,2,80,6,48,0
4372,0,-1,2,2,2,2,2,2,2,-1,-1,-1,-1,-1,1,2,2,2,2,2,2,1,2,2,2,1,85,6,48,0
4373,0,-1,-2,-2,-2,-2,-2,-2,-2,-1,-1,-1,-1,-1,1,2,2,2,2,2,2,1,2,2,2,1,62,6,48,0
4377,1,2,2,2,2,2,2,2,2,-1,-1,-1,-1,-1,1,-1,-1,-1,-1,-1,-1,-1,-1,-1,1,1,38,12,48,0
4379,0,-1,2,2,2,2,2,2,2,-1,-1,-1,-1,-1,1,2,2,2,2,2,2,2,1,2,6,2,15,12,48,0
4382,0,-1,-1,-1,-1,-1,-1,-1,-1,-1,-1,-1,-1,-1,1,-1,-1,-1,-1,-1,-1,-1,-1,-1,1,1,60,11,48,0
4388,0,-1,2,2,2,2,2,2,2,-1,-1,-1,-1,-1,1,2,2,2,2,2,2,2,2,1,1,1,56,10,48,0
4392,1,-1,-1,-1,-1,-1,-1,-1,-1,-1,-1,-1,-1,-1,1,-1,-1,-1,-1,-1,-1,-1,-1,-1,7,1,65,12,48,0
4397,0,-1,2,2,3,3,2,3,2,-1,-1,-1,-1,-1,1,2,2,2,2,2,2,2,1,2,1,1,63,11,48,0
4398,0,-1,2,2,3,3,3,3,2,-1,-1,-1,-1,-1,1,2,2,2,2,2,2,1,2,2,1,1,56,11,48,0
4400,0,-1,2,2,2,2,2,2,2,-1,-1,-1,-1,-1,1,2,2,2,2,2,2,2,2,1,1,1,66,6,48,0
4403,1,1,2,2,2,2,2,2,2,-1,-1,-1,-1,-1,1,-1,-1,-1,-1,-1,-1,-1,-1,-1,1,1,21,16,48,0
4422,0,-1,2,3,3,3,3,3,2,-1,-1,-1,-1,-1,1,2,2,2,2,2,2,1,2,2,1,2,56,5,48,61
4424,0,-1,-1,-1,-1,-1,-1,-1,-1,-1,-1,-1,-1,-1,1,-1,-1,-1,-1,-1,-1,-1,-1,-1,1,1,85,15,48,61
4438,0,-1,2,2,2,2,2,2,2,-1,-1,-1,-1,-1,1,2,2,2,2,1,2,2,2,2,2,2,53,4,48,0
4440,1,-1,-1,-1,-1,-1,-1,-1,-1,-1,-1,-1,-1,-1,1,-1,-1,-1,-1,-1,-1,-1,-1,-1,1,2,48,16,48,0
4469,1,2,2,2,2,2,2,2,1,-1,-1,-1,-1,3,1,-1,-1,-1,-1,-1,-1,-1,-1,-1,2,2,60,6,48,0
4480,0,-1,3,3,3,3,3,3,2,-1,-1,-1,-1,-1,1,2,2,2,2,2,2,1,2,2,2,1,47,13,48,0
4488,0,-1,2,2,2,2,2,2,2,-1,-1,-1,-1,-1,1,2,2,2,2,2,2,2,2,1,1,2,85,11,48,0
4489,1,2,2,2,2,2,2,2,2,-1,-1,-1,-1,-1,1,-1,-1,-1,-1,-1,-1,-1,-1,-1,1,2,64,11,48,0
4492,0,-1,2,2,2,2,2,2,2,-1,-1,-1,-1,-1,1,2,2,2,2,2,2,1,2,2,1,1,62,15,48,0
4496,0,-1,2,2,2,2,3,3,2,-1,-1,-1,-1,-1,1,2,2,2,2,2,2,1,2,2,1,1,63,7,48,0
4538,0,-1,2,2,1,2,2,2,2,-1,-1,-2,-1,-1,1,2,2,2,2,2,2,1,2,2,1,1,59,6,48,0
4560,0,-1,3,3,3,3,3,3,2,-1,-1,-1,-1,-1,1,2,2,2,2,2,2,2,2,1,1,2,17,4,48,0
4572,1,4,3,2,3,3,3,3,2,-1,-1,-1,-1,-1,1,-1,-1,-1,-1,-1,-1,-1,-1,-1,1,2,85,6,48,0
4578,1,1,2,2,2,2,2,2,2,-1,-1,-1,-1,-1,1,-1,-1,-1,-1,-1,-1,-1,-1,-1,1,1,61,13,48,251
4643,0,-1,2,2,2,2,2,2,2,-1,-1,-1,-1,-1,1,2,2,2,2,2,2,2,2,1,1,2,63,4,48,0
4644,1,1,2,2,2,2,2,2,2,-1,-1,-1,-1,-1,1,-1,-1,-1,-1,-1,-1,-1,-1,-1,8,1,64,4,48,0
4676,1,1,1,3,3,3,3,3,2,1,-1,-1,-1,-1,1,-1,-1,-1,-1,-1,-1,-1,-1,-1,1,2,52,7,48,0
4707,1,2,3,3,3,1,1,2,2,-1,-1,-1,4,-1,1,-1,-1,-1,-1,-1,-1,-1,-1,-1,2,2,38,3,48,485
4708,0,-1,2,2,2,2,2,2,2,-1,-1,-1,-1,-1,1,2,2,2,2,2,2,2,2,1,2,1,72,3,48,485
4731,1,-1,-1,-1,-1,-1,-1,-1,-1,-1,-1,-1,-1,-1,1,-1,-1,-1,-1,-1,-1,-1,-1,-1,1,2,36,10,48,0
4733,1,3,3,3,3,3,3,3,2,-1,-1,-1,-1,-1,1,-1,-1,-1,-1,-1,-1,-1,-1,-1,2,2,58,13,48,0
4785,0,-1,3,3,3,3,3,3,2,-1,-1,-1,-1,-1,1,2,2,2,2,2,2,1,2,2,2,2,45,9,48,0
4810,0,-1,-1,-1,-1,-1,-1,-1,-1,-1,-1,-1,-1,-1,1,-1,-1,-1,-1,-1,-1,-1,-1,-1,1,2,80,4,48,139
4814,0,-1,3,3,3,3,2,3,2,-1,-1,-1,-1,-1,1,2,2,2,2,2,2,2,1,2,1,2,80,2,48,0
4842,0,-1,1,2,2,2,2,2,2,1,-1,-1,-1,-1,1,2,2,2,2,2,2,1,2,2,1,1,39,5,48,0
4875,0,-1,2,2,2,2,2,2,2,-1,-1,-1,-1,-1,1,2,2,2,2,2,2,2,2,1,1,1,46,9,48,251
4885,0,-1,2,2,2,2,2,2,2,-1,-1,-1,-1,-1,1,2,2,2,2,2,2,2,2,1,1,2,85,9,48,0
4925,0,-1,-9,-9,-9,-9,-9,-9,-9,-1,-1,-1,-1,-1,1,-2,-1,-1,-1,-1,-1,-1,-1,-1,1,2,65,7,48,0
4926,0,-1,-1,-1,-1,-1,-1,-1,-1,-1,-1,-1,-1,-1,1,-1,-1,-1,-1,-1,-1,-1,-1,-1,1,2,80,6,48,0
4958,1,3,2,2,2,2,2,2,2,-1,-1,-1,-1,-1,1,-1,-1,-1,-1,-1,-1,-1,-1,-1,1,1,48,10,48,0
4966,0,-1,-1,-1,-1,-1,-1,-1,-1,-1,-1,-1,-1,-1,1,-1,-1,-1,-1,-1,-1,-1,-1,-1,1,1,55,14,48,61
4988,0,-1,-1,-1,-1,-1,-1,-1,-1,-1,-1,-1,-1,-1,1,-1,-1,-1,-1,-1,-1,-1,-1,-1,1,2,19,12,48,0
5005,0,-1,2,2,2,2,2,2,2,-1,-1,-1,-1,-1,1,2,2,2,2,2,2,1,2,2,1,2,45,9,48,0
5006,0,-1,-1,-1,-1,-1,-1,-1,-1,-1,-1,-1,-1,-1,1,-1,-1,-1,-1,-1,-1,-1,-1,-1,2,1,48,8,48,0
5017,0,-1,-2,-2,-2,-2,-2,-2,-2,-1,-1,-1,-1,-1,1,2,2,2,2,2,2,1,2,2,2,2,24,9,48,0
5032,0,-1,-1,-1,-1,-1,-1,-1,-1,-1,-1,-1,-1,-1,1,-1,-1,-1,-1,-1,-1,-1,-1,-1,2,2,72,4,48,0
5081,0,-1,-1,-1,-1,-1,-1,-1,-1,-1,-1,-1,-1,-1,1,-1,-1,-1,-1,-1,-1,-1,-1,-1,2,1,36,12,48,0
5110,0,-1,-1,-1,-1,-1,-1,-1,-1,-1,-1,-1,-1,-1,1,-1,-1,-1,-1,-1,-1,-1,-1,-1,1,1,51,13,48,0
5116,0,-1,-1,-1,-1,-1,-1,-1,-1,-1,-1,-1,-1,-1,1,-1,-1,-1,-1,-1,-1,-1,-1,-1,1,1,79,13,48,0
5127,0,-1,3,2,2,2,2,2,2,-1,-1,-1,-1,-1,1,2,1,2,2,2,2,2,2,2,2,2,78,6,48,0
5138,0,-1,2,2,2,2,2,2,2,-1,-1,-1,-1,-1,1,2,2,2,2,2,2,2,2,1,1,1,74,13,48,0
5184,0,-1,3,3,3,3,3,3,2,-1,-1,-1,-1,-1,1,2,2,2,2,2,2,2,2,1,1,1,71,6,48,0
5188,0,-1,-1,-1,-1,-1,-1,-1,-1,-1,-1,-1,-1,-1,1,-1,-1,-1,-1,-1,-1,-1,-1,-1,2,1,68,10,48,423
5198,0,-1,-1,-1,-1,-1,-1,-1,-1,-1,-1,-1,-1,-1,1,-1,-1,-1,-1,-1,-1,-1,-1,-1,1,1,25,9,48,0
5270,1,3,2,3,3,3,3,3,2,-1,-1,-1,-1,-1,1,-1,-1,-1,-1,-1,-1,-1,-1,-1,2,1,57,15,48,0
5297,0,-1,-1,-1,-1,-1,-1,-1,-1,-1,-1,-1,-1,-1,1,-1,-1,-1,-1,-1,-1,-1,-1,-1,1,1,79,1,48,0
5298,0,-1,-1,-1,-1,-1,-1,-1,-1,-1,-1,-1,-1,-1,1,-1,-1,-1,-1,-1,-1,-1,-1,-1,1,2,77,1,48,0
5311,1,2,2,2,2,2,1,2,2,-1,-1,-1,1,-1,1,-1,-1,-1,-1,-1,-1,-1,-1,-1,1,1,53,9,48,0
5315,0,-1,2,2,2,2,2,2,2,-1,-1,-1,-1,-1,1,2,2,2,2,2,2,1,2,2,2,1,55,15,48,0
5316,0,-1,2,2,2,2,2,2,2,-1,-1,-1,-1,-1,1,2,2,2,2,2,2,1,2,2,2,2,80,15,48,0
5322,0,-1,3,3,3,3,3,3,2,-1,-1,-1,-1,-1,1,2,2,2,2,2,2,2,2,1,1,2,85,6,48,0
5332,1,-1,-1,-1,-1,-1,-1,-1,-1,-1,-1,-1,-1,-1,1,-1,-1,-1,-1,-1,-1,-1,-1,-1,1,1,34,13,48,0
5334,0,-1,-1,-1,-1,-1,-1,-1,-1,-1,-1,-1,-1,-1,1,-1,-1,-1,-1,-1,-1,-1,-1,-1,2,2,80,12,48,0
5337,0,-1,-1,-1,-1,-1,-1,-1,-1,-1,-1,-1,-1,-1,1,-1,-1,-1,-1,-1,-1,-1,-1,-1,2,2,59,12,48,0
